Index,answers
t_1,"['Okay, here are the transcriptions:\n**Clip 1:**\n讨厌的人呢。 我应该比较讨厌那种就特别以自我人为中心了,要么就是,然后就什么事情他都觉得自己他很对,然后特别喜欢和你争论的那种人,我特别讨厌,然后,要么不然就是不太懂得,知道就是人与人之间交往的分寸那样的人,我也挺讨厌。\n\n**Clip 2:**\n理想上来讲应该是比较希望能从事自己喜欢的工作,就是工作的时候能够获得乐趣。 嗯 其实这个问题我自己也想过,比如说,因为我的专业是软工嘛,所以按理来说应该是去编程的,就打代码。 我是不是真的喜欢这个职业呢,我也不是很确定,但至少还是薪资应该\n\n**Clip 3:**\n放松的时候应该最喜欢, 看,看电影吧,因为, 嗯看电影是一个娱乐性比较强的活动,然后也不是特别需要动脑子,所以 哎,反正我最近看电影 a lot,就这样']","['讨厌的人呢，应该比较讨厌那种，就特别以自我为中心的，要么就是，然后，就什么事情他都觉得自己他很对，然后，特别喜欢和你争论那种人，我特别讨厌。然后，嗯，要不然就是，不太懂得，知道，就人与人之间交往的分寸那样的人我，也挺讨厌的', '嗯，放松的时候，应该最喜欢看，嗯，看电影吧。因为，看电影是一个娱乐性比较强的活动，然后，也不是特别需要动脑子，所以，哎，反正我最近看电影', '理论上来讲，应该是比较希望能够从事自己喜欢的工作，就是工作的时候能够获得乐趣。嗯，就这个问题我自己也想过。比如说，因为我专业是软工嘛，所以按理来说应该是去编程的，就打代码。嗯，我是不是真的喜欢这个职业呢？我也不是很确定。但是，至少它的薪资应该还']"
t_10,"['好的，这是转录文本：\nClip 1: 我上一次和别人争吵应该是上上周的周末。 那和我第一次争吵,主要原因是,他把我的卡给弄丢了,然后我就很生气,和他吵了。\nClip 2: 在过去让我印象最深刻的经历应该是高考前的一段时间,还有在高考的过程中吧。 在高考前的话压力可能比较大,在高考的过程中,尤其在考第一门课语文的时候比较紧张。\nClip 3: 我放松的时候最喜欢打游戏吧,因为打游戏的时候不用想太多的事情,就全身心地投入到游戏中去赢一把游戏。']","['我上一次和别人争吵应该是上上周的周末，和我弟的一次争吵，主要原因是他把我的一张电话卡给弄丢了，然后我就很生气，和他吵了一架', '我放松的时候最喜欢打游戏吧，因为打游戏的时候不用想太多的事情，就全身心的投入到游戏中去赢一把游戏', '额，在过去让我印象最深刻的经历，应该是，高考前的一段时间，还有在高考的过程中吧。在高考前的话，压力可能比较大。在高考的过程中，尤其在考第一门课程语文的时候，我比较紧张']"
t_101,['好的，这是音频文件的转录：\n\n**Clip 1:**\n嗯，上一次和别人争吵，差不多就是两分钟前吧，因为他总是打断我说话，总是不能够倾听我说话，所以我就觉得 跟他 没话好说了， 不想跟他讲话了。 有的时候会别人争吵，不是说把喉咙 嗓子 扯得很高，而是不想听他说话。\n\n**Clip 2:**\n我 喜欢小孩子。 嗯，因为他们有时候做事很可爱，而且他们做得都很单纯， 嗯，没有掺杂着各种 心思杂念的， 所以我喜欢小孩子。 嗯，而且小孩子有时候会让我很开心哦。\n\n**Clip 3:**\n我放松的时候最喜欢晒太阳。'],"['上一次和别人正常差不多就是两分钟前吧，因为他总是打断我说话，总是不能够倾听我说话，所以我就觉得跟他没话好说了，不想和他说话了。有时候跟别人争吵不是说把喉咙嗓子扯得很高，而是不想听他说话。', '我放松的时候最喜欢晒太阳。', '我，喜欢小孩子。因为他们有时候总是很可爱，而且他们做的很单纯，没有掺杂各种心思杂念的，所以我喜欢小孩子。哼，而且有时候，小孩子会哄我开心喔。']"
t_102,['好的，以下是音频文件的逐字稿：\n*   **Clip 1**\n    但我想啊， 人在 接触网络的过程中， 总会因为这样那样的原因， 也许只是情绪的冲动。\n*   **Clip 2**\n    喜欢是因为 它没有 最年轻，最活力的样子。\n*   **Clip 3**\n    它是一个比较开朗的心。 那不是说哪些地方吸引， 只能说让人 很安心。'],"['记不清了。人在接触网络的过程中总会因为这样那样的原因，也许只是情绪的冲动。', '那是一个比较开朗热心的人。倒不是说哪些地方吸引，只能说让人很安心。', '喜欢。因为他们有最年轻最活力的样子。']"
t_103,"['Okay, here are the transcriptions of the audio clips you provided:\n\n*   **Clip 1:** 记不清楚了，应该很久没有和别人吵过了。 要说稍微有点像争吵的话，应该是和游戏里面，就打游戏的时候和，和朋友有一些争执吧，但是也只是很普通的那种，算不算争吵。\n\n*   **Clip 2:** 还算喜欢吧，有的小孩子确实挺可爱的。\n\n*   **Clip 3:** 晚上可以和朋友一起打游戏。']","['这不清楚，应该很久没有和别人争吵过了。应该说稍微有点像争吵的应该就是打游戏的时候和朋友有一些争执吧，但就是很普通的那种，算不上争执吧可能。', '我上课也和朋友一起打游戏。', '还算喜欢吧。有的小孩子确实挺可爱的。']"
t_104,"['Okay, here are the transcriptions for each clip:\n\n**Clip 1:**\n嗯，回家的時候爺爺一直要跟我灌輸他覺得一個人應該怎樣去思考,雖然他說的東西我是能夠理解的,但是我覺得, 太多人這樣很輕鬆愉快的去談論一些理所當然的時間給我造成很大的精神負擔,我不想去符合他們講一些這種假太空的東西。 沒有什麼細節對我沒有太大幫助。\n\n**Clip 2:**\n嗯,不喜歡,不大短是, 嗯,現在社會內卷太嚴重了,養小孩需要的 這個 資本, 遠遠超過了自己願意去努力的, 那個程度。 在上海這個城市, 只適合那些, 願意去吃人的人去選小孩吧。 我覺得我這種 不願意吃人的還是不要喜歡小孩的好, 而且我覺得小孩生下來就很醜了。\n\n**Clip 3:**\n第一次感到開心是和諮詢師聊到自己的人生觀念以及自己的一些判斷能力的時候被認可,若其思維沒有出問題,以及價值觀念分有很多種。 和其他人不一樣也是可以的,這樣一個, 情況下我會覺得挺開心的。']","['上一次争吵是回家的时候，爷爷一直要跟给我灌输他觉得一个人要怎样去思考。虽然他说东西误事，能够理解，但是我觉得太由人这样很轻松愉快地谈论一些理所当然的事给我造成很大的精神负担，我不想去附和他们去讲一些假大空的事情，没有什么细节，对我没有什么太大帮助。', '上一次感到开心是和咨询师聊到自己的人生观念以及自己的一些判断能力的时候，被认可逻辑思维没有出问题以及价值观念分有很多种，和其他人不一样也是可以的。这样一个情况下我会觉得挺开心的。', '不喜欢，不打算生。现在社会内卷太严重了，养小孩需要的这个资本远超过自己愿意去努力的程度。上海这个城市，只适合那些愿意去吃人的人去生小孩吧，我觉得我这种不愿意吃人的人还是不要喜欢小孩的好。而且我觉得小孩生下来就很丑。']"
t_105,['好的，这是转录的文本：\n\n**剪辑 1**\n\n呃，有点不记得，我上一次和别人争吵，可能是，应该是和那，应该是 三周以前了吧。 就是，原因可能是，就是我的朋友她是处于备考，考研的时候，然后可能她的心理压力也比较大，然后可能就是那个，就在这过程中就，呃，当时我也处于一个比较敏感的时期，所以两个人就发生了一点比较小的摩擦，不过很快就，就是解决了，因为我本身不是一个就是很容易和别人发生争吵的人，而且发现了矛盾处就会很快的呃，就是冷静下来然后分析原因，這樣子。 然后对方也是一个比较冷静的人，所以很快这个问题就解决了。\n\n**剪辑 2**\n\n呃，总的来说还是挺喜欢小孩子的，但是不太喜欢就是，嗯，就是无理取闹，就是那种比较熊的孩子。 呃，喜欢小孩的主要原因可能还是因为就是觉得他们身上有比较强的可塑性吧，就， 比较有希望和未来的样子。\n\n**剪辑 3**\n\n我上一次感到开心应该是那个周末的时候去大学路 闲逛，然后 吃了晚饭， 然后一个人走，走回学校的路上，感觉还挺开心的。 啊，就可能是运动的快乐。 然后就吃完，吃完好吃的之后运动的快乐。'],"['有点不太记得，我上一次和别人争吵应该是，可能是，应该是三周以前了吧。原因是我的朋友处于备考考研的阶段，他的心理压力也比较大，在这个过程中，就因为我也处于一个比较敏感的时期，所以两个人就发生了一点比较小的摩擦。不过很快就解决了，因为我本身就不是一个很容易和别人发生争吵的人，而且发现了矛盾之后就很快冷静下来分析原因。然后对方也是一个比较冷静的人，所以很快这个问题就解决了。', '我上一次感到开心应该是周末的时候去大学路闲逛，然后吃了晚饭，然后一个人走回学校路上感觉还挺开心的。就可能是运动的快乐，就吃完好吃的之后运动的快乐。', '总的来说还是挺喜欢小孩子的。但是不太喜欢无理取闹，就是比较熊的小孩子。喜欢小孩子的主要原因可能还是因为觉得他们身上有比较强的可塑性，就比较有希望和未来的样子。']"
t_106,['Here are the transcriptions of the audio clips:\n\n*   **Clip 1:** 已经记不得了，很久没有和人争吵。\n*   **Clip 2:** 喜欢，因为很可爱。\n*   **Clip 3:** 在统计心理中心做主管很开心。'],"['已经记不得了，很久没有和人争吵了。', '在同济心理中心做助管很开心。', '喜欢，因为很可爱。']"
t_107,"['Okay, here are the transcriptions of the three audio clips:\n\n*   **Clip 1:** 忘 记 了， 没有 跟 别 人 争 吵 过。\n*   **Clip 2:** 不 喜欢， 因为 小孩子 很 麻烦。\n*   **Clip 3:** 今天 天气 很好。']","['忘记了，没有跟别人争吵过。', '今天天气很好。', '不喜欢，因为小孩子很麻烦。']"
t_109,"['Okay, here are the transcriptions of the three audio clips:\n\n**Clip 1:**\n\n跟男朋友吵架,因為他周四就跟我說要過來找我,然後推到了週五,週五又推了一次。 我說他不舒服就回去休息,但是他一定要來。 在我準備好了之後,他又跟我說他來不了。\n\n**Clip 2:**\n\n惱他了。 很廢\n\n**Clip 3:**\n\n在操場上體育課的時候聽到了喜歡的樂隊的歌。']","['上周五和男朋友吵架。因为他周四就跟我说要过来找我，然后推到了周五。周五又推了一次，我说，他不舒服就回去休息，但是他一定要来。在我准备好了之后他又跟我说他来不了了。', '在操场上体育课的时候听到了喜欢的乐队的歌。', '不喜欢和他们接触，太闹腾了，很费精力。']"
t_11,['好的，这是转录内容：\n\n**Clip 1:**\n呃，好像没有过失眠，就很少吧。失眠的时候就是，呃，那个时候应该是脑子里一直在想事情，就有什么东西堵着梗着，然后不想睡，睡不着也。呃，就我，还行。呃，好像没有刻意的说，是真的睡不着，就是有的时候也只是难过一会，然后会到到某某点，就真的难过的劲过了之后呢，就是会，还是会睡吧，也没有说睡不着，就怎么也睡不着这种情况，应该是没有吧。\n\n**Clip 2:**\n我的家庭构成啊，呃，就是平常生活和爸爸妈妈住在一起，然后，嗯，爷爷奶奶是分开住。外公去世了，然后外婆也是分开住，其他还有一些亲戚，不过这些应该不算是家庭构成吧，就主要还是就我们家就是我一个小孩，然后我的爸爸和我的妈妈三个人住在一起。家庭构成，家庭构成是什么？\n\n**Clip 3:**\n呃，生活中给我带来正面影响的人其实还蛮多的，嗯，举一个例子的话，应该是我的高中数学老师。呃，他的话就是从平常日常里面的一些行为，包括是他一个讲课的一个方式，他讲述的内容也好，就各种方面都会在影响着你，让你，让你感觉他很那种积极向上的一个感觉。虽然他会，也会有那种，有的时候会很那个烦躁，就工作上面啊，教学上面会有一些困难什么的，但是，嗯，确确实实他大部分的时间传达给我的一个感觉是一个很让我想 要努力变得更好这样一个状态。有的时候就看到他很认真的备课，他的备课笔记写得非常清楚，作为一名相当有水平，教学经验也十分充足的高中老师，他其实没有必要去做那样的一个辛苦的事情，但是他确确实实每年每一次，每一天都在认真的准备期末，都在认真的讲，每一道题都写得清清楚楚，我觉得这个认真的态度特别的，让 我希望我自己也能变得更好。'],"['额，好像没有过失眠，就，额，很少吧。失眠的时候就是，额，那个时候应该是脑子里一直在想事情，就，有什么东西堵着，梗着，然后，不想睡，睡不着。也，额，就，不过还行，额，好像没有刻意的说是真的睡不着，就是，有的时候也只是难过一会，然后，会，到，到了某个点真的难过的劲过了，就，还是会睡吧，也没有说睡不着，怎么也睡不着这种情况，额，应该是没有吧', '额，生活中给我带来正面影响的人其实还蛮多的。嗯，举一个例子的话，应该是我的高中数学老师，嗯，他的话，就是，额，从平常日常里的一些行为，包括是他的一个，讲课的一个方式，他讲述的内容也好，就各种方面都会在影响着你，让你感觉他很积极向上的一个感觉，虽然他会，也会有那种，有的时候会很，内个，烦躁，就工作上面啊，教学上面会有一些困难什么的，但是，确确实实他大部分时间传达给我的一个感觉是一个，很，让我想要努力变得更好，这样一个状态。有的时候就看到他很认真的备课，他的备课笔记写的非常清楚，作为一名相当有水平，教学经验也十分充足的高中老师，他其实没有必要去做那样的一个辛苦的事情，但是他确确实实，每年，每一次，每一天都在认真准备题目，都在认真的讲，每一道题都写的清清楚楚，我觉得这个认真的态度特别的让我希望我自己也能变得更好', '我的家庭构成啊，额，就是，平常生活和爸爸妈妈住在一起。然后，嗯，爷爷奶奶是分开住，外公去世了，然后，外婆也是分开住，其他还有一些亲戚，不过这些应该不算是家庭构成吧，主要还是就我们家，我一个小孩，然后我的爸爸，我的妈妈，三个人住在一起，家庭构成，家庭构成是什么']"
t_111,['好的，这是音频文件的文字稿：\n**Clip 1:**\n我最后悔的事情是没有在高三的时候有去愤怒的能力与勇气，当时我没有狠狠地怼怼我的班主任，这这一直让我现在很后悔。 就然后当时高三很多愤怒的时候，我是没有发泄出来的，我一直压抑过来，我之前以为自己过去了，我可能缓一段时间就好了，但他们一直影响到了我现在，就是我最后悔的事情就是嗯，没有在就是没有在当时他们侵犯侵犯我，我权利的时候，然后就爆发，出我的愤怒，没有后悔，就是，而且也很后悔说 当时自己可能把他对他们的压抑给，不是，把对他们的讨厌给压抑下来了，然后假装自己可能对他们还有尊敬，甚至某种情况下，因为是我的班主任，甚至还有一些嗯对我来说，现在看来有点讨好谄媚的成分，虽然不是严重，但就让我感觉非常的难难受，而且 嗯当时父母也没有站在我这边，我都没有表现出，就是我把我的愤怒都压抑出来，没有强有力的去攻击他，这，这让我感觉非常的嗯一难平，一直 折磨我吧，算是。\n\n**Clip 2:**\n我不喜欢小孩子，就我会觉得他们很吵闹，而且他们可能会侵犯我的界限，这会让我感觉很难受。 嗯，而且就是小的时候，就是跟，就是因为家家里人的话，就是总会说大的就要让的，小的，然后我就会很讨厌跟他们在一起，就是我会觉得很烦，很烦。然后跟他们有很多不好的经，很不好的经历，而且我会觉得他们有有的时候就是说小孩子可能就没有能，就是没有成年人那种能够体察到别人情绪的时候，然后就得得那种能力，然后我就我会觉得非常的难受，跟他们在一起，然后可能，而且一般跟小孩子在一起的时候，会有他的成人，就他家长在，这会让我感觉非常的不舒服，我很讨厌别人弄弄弄乱我的东西，但他们总是会去碰我的东西，就会让就是我很不舒服。\n\n**Clip 3:**\n我其实已经不太知道我会不会开心了，就感觉很久，很很长一段时间就我的情绪都不太的好，都，都不太好，然后大部分情况下，它可能很容易悲伤，然后有的时候我可能笑，但是我，我甚至，我现在回想我都不不知道我当时是不是开心的，当时可能没有那么悲伤，但是我也不知道我有没有能够感觉到说开心之类的，可能嗯比如说我说我八百米跑完，然后我觉得那个成绩还可以的时候，我可能会感觉到好一些，但是我，我，我不能确定我是不是开心激动或是兴奋的。'],"['我最后悔的事情是没有在高三的时候，有去愤怒的能力与勇气。当时我没有狠狠地怼，怼我的班主任，这一直让我现在很后悔。就，然后当时高三很多愤怒的时候我是没有发泄出来的，我一直压抑过来。我之前以为自己过去了，缓一段时间就好了，但他们一直影响到了我现在。就是，我最后悔的事情就是，就是没有在当时，他们侵犯我，我权利的时候，我就爆发出我的愤怒，没有。后悔就是，而且也很后悔说，当时自己可能把他，对他们的压抑给，不是，对他们的讨厌给压抑下来了，然后加上自己可能对他们还有尊敬，甚至某种情况下因为是我的班主任，甚至还有一些，嗯，对我来说嗯现在看来有点讨好谄媚的成分。虽然不是很严重，但这让我感觉非常的难受，而且当时父母也没有站在我这边，我都没有表现出，就是我把我的愤怒都压抑出来，没有强有力地去攻击他，这让我感觉非常意难平，嗯，一直折磨我吧算是。', '我，我其实已经不太知道我会不会开心了，就感觉很久，很长一段时间，就我的情绪都不太的好，都都不太好。然后，大部分情况下，它可能很容易悲伤。然后有的时候我可能笑，但是我我甚至我现在回想，我都不知道我当时是不是开心的。当时可能没有那么悲伤，但是我也不知道我有没有能够感觉到说，开心之类的。可能嗯比如说说我八百米跑完，然后我觉得那个成绩还可以的时候，我可能会感觉到好一些，但是我是我不我不能确定我是不是开心激动或是兴奋的。', '我不喜欢小孩子。就，我会觉得他们很吵闹，而且他们可能会侵犯我的界线，这会让我感觉很难受。嗯，而且就是小的时候，就是，跟，就是，因为家里人的话，就是总会说大的就要让着小的，然后我就会很讨厌跟他们在一起。就是我会觉得很，很烦。然后跟他们有很不好的经，很不好的经历。而且我会觉得他们有有的时候就是说小孩子可能就没有，就是没有成年人那种能够体察到别人情绪的时候，然后就的的那种能力。然后我就会觉得，非常的难受，跟他们在一。，然后可能而且一般跟小孩子在一起的时候，会有他的成人。就他的家长他就会让我感觉非常的不舒服。呃，我很讨厌别人弄弄弄乱我的东西。让他们总是会去碰我的东西，就会让就是我很火很不爽。']"
t_12,"['沒有想出特別後悔的事情。 未來希望在公司裡面當一個 員工,在比較,福利待遇比較好的公司裡,因為 比較希望有一份穩定的收入, 還有, 然後也,然後又不是, 但是又希望這份工作不要太過平淡的而無趣,沒有進步空間,因為自己 還是希望人生多一些挑戰,多一些 可以進步的地方。 們是感到開心的時候,就是剛才吃晚飯時,因為在一個以前比較少去的食堂發現了好吃的菜。']","['没有想说特别后悔的事情', '上一次感到开心的时候就是刚才吃晚饭时，因为在一个以前比较少去的食堂，发现了一个好吃的菜', '未来希望在公司里面当一个员工，在比较，福利待遇比较好的公司里。因为，嗯，比较希望有一份稳定的收入，还有，然后也，然后又，不是。但是又希望这份工作，不要太过平淡而无趣而没有进步空间，因为自己还是希望人生多一些挑战，多一些可以进步的地方']"
t_13,['好的，这是音频文件的转录内容：\n\n**Clip 1:**\n上一次认真吵好像还是呃，小组作业里面在最后要上台呈现之前，我们分工上出现问题的时候。那次是因为本来说好是两个人同时一起上去讲，但是有一位同学，在我们上台讲之前的一两天他说我不太想讲了，然后当时就感觉不是很开心，但也不能算争吵就是，可能也是我的原因，我态度比较的强硬，就和平常比起来，还是有一点点类似于争吵，但最后的结果还是我们两个人一起上台，所以结果还是好的。并且我之后冷静下来也是理智的继续沟通下去。\n\n**Clip 2:**\n大学时学的是信息类，呃，因为我从小其实就对机器人啊，这种科技比较感兴趣，所以我当时在选专业的时候处于兴趣而选择了信息类这个专业。\n\n**Clip 3:**\n是我的母亲，因为她一直告诫我要乐观的生活，并且就算你生活当中遇到了挫折，你也要勇敢的面对他们。呃，并且能够积极的去改善，如果实在不行呢，也要有勇气重头再来，然后她也跟我说事情要一件一件的做好，所以我认为她对我的影响很大，并且给我带来了很多正面影响。'],"['上一次与人争吵好像还是，额，小组作业里面，在最后要上台呈现之前，我们分工上出现问题的时候，额，那次是因为，本来说好是两个同学一起上去讲，但是有一位同学，在我们上台讲之前的一两天，他说我不太想讲了，然后，当时就感觉，不是很开心。但也不能算争吵就是，可能也是我的原因，我态度比较的强硬，就和平常比起来还是有一点点类似于争吵，但最后的结果还是我们两个人一起上台，所以，结果还是好的，并且我之后冷静下来也是，额，理智的继续沟通下去', '我的母亲，因为她一直告诫我要乐观的生活，并且，就算你生活当中遇到了挫折你也要勇敢的面对他们，并且能够积极的去改正。如果实在不行呢，也要有勇气从头再来。然后她也跟我说事情要一件一件的做好，所以我认为她对我的影响很大，并且带来了很多正面影响', '学习的是信息类，额，因为我从小其实就对机器人啊，这种科技比较感兴趣，所以我当时在选专业的时候出于兴趣，而选择了信息类这个专业']"
t_14,"['Okay, here are the transcriptions of the three audio clips:\n\n*   **Clip 1:** 嗯，有關高考志願，本來可以報提前批，但是，嗯，就是沒有去這次機會。\n\n*   **Clip 2:** 刷刷微博，然後思考人生，然後寫寫作業。 玩一些遊戲。\n\n*   **Clip 3:** 晚上吃了北院食堂的一種炒飯，回來的時候還喝了奶茶，所以很開心。']","['有关高考志愿，本来可以报一个提前批，但是，额，就是没有去这次机会', '晚上吃了北苑食堂的一种炒饭，回来的时候还喝了奶茶所以很开心', '刷刷微博，然后思考人生，然后写，写作业，玩一些游戏']"
t_15,"['Sure, here are the transcriptions of each clip:\n\n**Clip 1:**\n我可能沒辦法去比較出一個最後悔的事情,實際上我現在對後悔這個問題不是很敏感。 我只是覺得後悔沒有太大的意義。 就可能有意義的相對來說是反省。 嗯,但後悔我覺得 既然已經發生了,沒必要再去 悔恨他。\n\n**Clip 2:**\n我一個人獨處的時候,往往會在一些比較封閉的空間裡面去思考 最近發生的一些事情,去考慮我 應對的一些方法,去回顧一下,反思一下是否有不滿意的地方,有值得改進的地方。\n\n**Clip 3:**\n我放鬆的時候最喜歡 隨便走一走,散散步。 因為這個時候很多時候是一種旁觀者的身份去觀察身邊的人和事情, 看看別人忙碌的生活,然後我只是一種旁觀者的角度,不需要參與一些事物,不需要處理一些事物,只是觀察。']","['我可能没办法去比较出一个最后悔的事情，实际上我现在对后悔的这个问题不是很敏感，我只是觉得后悔没有太大的意义，可能有意义的相对来说是反省。嗯，但，后悔我觉得既然已经发生了没必要再去悔恨他', '我放松的时候最喜欢，额，随便走一走散散步。因为这个时候很多时候是以一种旁观者的身份去观察身边的人和事情，看看别人忙碌的生活，然后，我只是一种旁观者的角度，不需要参与一些事务，不需要处理一些事务，只是观察', '我一个人独处的时候，往往会在一些比较封闭的空间里面去思考最近发生的一些事情，去考虑我，额，应对的一些方法，会回顾一些，反思一下是否有不满意的地方，有值得改进的地方']"
t_16,"['Okay, here are the transcriptions of the audio clips:\n\n*   **Clip 1:** 在公司裡給模型調餐，一直沒有辦法刷到數據第一，好煩哦。\n\n*   **Clip 2:** 有的時候喜歡，有的時候不喜歡。不喜歡是因為他是熊孩子，老是哭，老是鬧。喜歡是因為小孩子長得實在太可愛了。\n\n*   **Clip 3:** 今天去早上去公司的時候被發了聖誕節的糖果，很開心。']","['在公司里给模型调参，一直没有办法刷到数据第一，好烦哦', '今天去，早上去公司的时候被发了圣诞节的糖果很开心', '有的时候喜欢，有的时候不喜欢。不喜欢是因为他是熊孩子，老是哭老是闹。喜欢是因为小孩子长得实在是太可爱了']"
t_18,"['好的，这是音频文件的文字稿。\n\n**Clip 1:**\n大概是考试周结束之后回家路上。然后感觉这学期自己的事情做得不太好。然后没有找到一些有趣的事情,大概这样吧。\n\n**Clip 2:**\n具体的职业可能不太确定，但是我希望做一点创造性的工作。然后应该能带着一点自己的思考。然后减少一点重复性的工作。\n\n**Clip 3:**\n放松的时候最喜欢看看简单的剧或者电影，或者其他东西，玩玩简单的游戏。因为它们比较放松。嗯，不需要个人思考吧。基本上是跟着作者的思路往下走就可以了。而且停下来很快。']","['大概是，考试周结束之后回家路上，让我感觉这学期自己的事情，做的不太好，然后，没有找到一些有趣的事情，大概这样吧', '放松的时候最喜欢看一看简单的剧或者电影，或者其他东西，玩一玩简单的游戏，因为他们比较放松，嗯，不需要个人思考吧，基本上跟着作者的思路往下走就可以了，而且停下来很快', '具体的职业可能不太确定，但是我希望能做一点创造性地工作，应该能带一点自己的思考减少一点重复性的工作']"
t_2,"[""Okay, here's the transcription of the three audio clips:\n\n**Clip 1:**\n我小学就应该开始学英语的。\n\n**Clip 2:**\n希望从事按时上下班的工作。 为什么？ 为什么呀？ 为什么呀？ 为什么？ 为什么？ 为什么？为了作息规律一点吧。\n\n**Clip 3:**\n走廊那一头的书是红色的, 那一头的书是绿色的.""]","['我小学就应该开始学英语的', '走廊那一头的树是红色的，那一头的树是绿色的', '希望从事按时上下班的工作，为什么，为什么呀，为什么呀，为什么，为什么，为什么，为了作息规律一点吧']"
t_20,"['Clip 1: 他高一成年年末考試周的時候， 嗯 做項目的時候觀點不合。\nClip 2: 發呆吧。 一個人盯著電腦發呆。\nClip 3: 嗯班主任, 然後樂觀的看待生活。']","['大概一九年年末考试周的时候，做项目的时候观点不合', '额，班主任，乐观的看待生活', '发呆吧，一个人盯着电脑发呆']"
t_21,['好的，以下是音檔的逐字稿：  Clip 1: 啊，最近一次不開心，應該就是在考完計算機網路這門課之後。 因為就感覺考得比較差。然後期末因為 一些一些課程的項設置沒有完成，然後就導致最後 複習的時間不夠用。然後平常的時候聽聽講又沒有做到比較認真的聽講，就 所以說最後考出的結果就不好。   Clip 2: 嗯，未來希望從事跟我專業有關的工作吧，就編程這一類的。 然後因為是 本工作，本專業的工作的話，可以把我學到的東西然後用到工作中，然後 工作中遇到困難，應該相對的也會少一點。   Clip 3: 放鬆的時候最喜歡做的就是一邊聽著音樂，一邊 刷貼吧或者是看一些新聞。 因為感覺這樣可以了解一些比較有趣的事情，然後也能比較好的緩解自己的 情緒。'],"['最近一次不开心，应该就是在考完计算机网络这门课的时候吧，因为就感觉考的比较差。然后，期末因为一些，一些课程的项目，设计没有完成，然后就导致，额，最后的复习的时间不够用，然后平常的时候，听讲也没有做到比较认真的听讲，就，所以最后的考试的结果就', '放松的时候最喜欢做的就是，一边听着音乐，一边刷贴吧或者是看一些新闻，因为这样可以了解一些比较有趣的事情，也能比较好的缓解自己的情绪', '嗯，未来希望从事跟我专业有关的工作，就编程这类的。因为是，本工作，本专业的工作可以把我学到的东西，然后，用到工作中，然后，工作中遇到的困难，应该相对的也会少一点']"
t_22,"['Okay, here\'s the transcription of the three audio clips:\n\n**Clip 1:**\n""再一次争吵是跟父母之间。因为他们想要我在假期的过程中有一个合理的自己的学习规划。呃，然后就强迫我要去学。""\n\n**Clip 2:**\n""我喜欢小孩子，因为他们非常天真无邪，嗯，非常的可爱。""\n\n**Clip 3:**\n""在图形学答辩的过程中获得了非常好的效果。开心是因为一个学期终于结束，最后一次答辩取得非常好的效果。""']","['上一次争吵是跟父母之间，因为他们，想让我在假期过程中有一个合理的自己的学习规划，然后就强迫我要去学习', '在图形学的答辩的过程中获得了非常好的效果，开心是因为一学期终于结束，最后一次答辩取得了非常好的效果', '我喜欢小孩子，因为他们非常的天真无邪，嗯，非常的可爱']"
t_26,"['Okay, here are the transcriptions of the three audio clips:\n\n**Clip 1:**\n我应该是， 嗯，爷爷过世的时候，没有及时赶回去吧。\n\n**Clip 2:**\n嗯，爸爸妈妈姐姐，然后还有奶奶。\n\n**Clip 3:**\n最好的朋友大概就是，能够在难过的时候陪伴自己吧。']","['额，应该是，嗯，爷爷过世的时候没有及时赶回去吧', '最好的朋友大概就是，能在难过的时候陪伴自己吧', '额，爸爸妈妈姐姐然后还有奶奶']"
t_27,"[""Okay, here's the transcription of the three clips you provided:\n\n**Clip 1:**\n\n应该是在去年的5月份。当时是和我的室友在半夜的时候有一点小的争吵，因为当时已经是凌晨3点多了，我的室友在看F1的比赛，但是他就是没有，可能当时看的也是太，太过激动了，没有顾忌到我在睡觉，所以就是喊的声音比较大，把我直接吵醒了，所以我当时就非常生气，和他当时有一些小的争执。\n\n**Clip 2:**\n\n家里一共有三个人，我和我的父母。\n\n**Clip 3:**\n\n打篮球，因为既可以缓解精神压力，又可以锻炼身体。""]","['应该是在去年的五月份，当时是和我的室友，在半夜的时候有一点小的争吵。因为当时已经是凌晨三点多了，我的室友在看F1的比赛，但是他，就是没有，可能当时看的也是太，太过激动了，没有顾及到我在睡觉，所以，就是，喊得声音比较大，把我直接吵醒了，所以我当时就非常生气，和他当时，有一些小的争执', '打篮球，因为既可以缓解精神压力又可以锻炼身体', '家里一共三个人，我和我的父母']"
t_28,"['Okay, here are the transcriptions of the three audio clips:\n\n*   **Clip 1:** 多少失眠,偶爾失眠的時候也沒有什麼感覺,只是比較驚訝,過了很久發現我還是\n*   **Clip 2:** 希望從事比較有創造性的工作,能夠給生活\n*   **Clip 3:** 應該是朋友吧,就在我遇到困難的時候給了我']","['很少失眠，偶尔失眠的时候也没有什么感觉，只是比较惊讶，过了很久发现我还醒着', '应该是朋友吧，就，在我遇到困难的时候给了我很多帮助和指引', '我希望从事比较有创造性地工作，能够给生活带来一些改善，然后，给人们带来一些方便']"
t_29,"['Okay, here are the transcriptions of the audio clips:\n\n**Clip 1:**\n\n我感觉我生气的时候不是特别多，然后生气的时候处理自己的情绪的话， 嗯，我觉得我暂时没有特别好的处理方式。嗯，但是我觉得不会对我造成什么比较大的影响吧。 嗯毕竟不是自己认为自己不是一个特别爱生气的。\n\n**Clip 2:**\n\n我希望以后的工作那肯定要就我现在学的专业呗，就程序员嘛。然后最好不要996，我还是希望就是工资不用特别高，但是就是最好比如说朝九晚六一周工作五天，不要老是加班这样。\n\n**Clip 3:**\n\n昨天在网上查那个注册会计师成绩的时候，发现那个就是自然辩证法那个成绩92分，然后听说这个成绩还挺高的，所以感觉特别']","['我感觉我生气的时候不是特别多，然后生气的时候处理自己的情绪的话，嗯，我觉得，我暂时没有什么特别好的处理方式，但是我感觉这个对我不会造成什么比较大的影响吧，毕竟不是自己认为自己不是一个特别爱生气的人', '昨天，额，在网上查那个，期末考试成绩的时候，发现，那个就自然辩证法，那个成绩92分，听说这个成绩还挺高的，所以感觉特别', '我希望以后的工作，那肯定，就，我现在学的专业呗，就程序员吧。然后，最好不要996，还是希望就是，工资不用特别高，但是，额就是，最好朝九晚六，一周工作五天，不要老是加班加']"
t_3,"['clip 1: 就是那种仗着自己就是性格特别大咧咧,然后其实就是经常就是会做一些伤害别人举动的事情,然后自己却完全不在。\nclip 2: 我们家是重组家庭,就是 嗯 我我妈妈跟我爸爸离婚了,然后他呃,就是给我找继父,然后我爸那边也有就是也就再婚了。 然后我现在是跟妈妈。\nclip 3: 吃的,就比如说桂林米粉、猪同粉、烧鸭、烧鹅、柠檬鸭。']","['就是那种仗着自己，就是性格特别大大咧咧，然后，其实，就是，经常，就是会做一些伤害别人举动的事情', '吃的，就比如说，桂林米粉，卷筒粉，烧鸭，烧鹅，柠檬鸭', '我们家是重组家庭，就是，额，我，我妈妈跟我爸爸离婚了，然后她就给我找了继父，然后我爸那边也，就是，也再婚了，然后我现在是跟妈妈']"
t_30,"[""Okay, here's the transcription of the audio clips:\n\n**Clip 1:**\n\n上一次和別人爭長,已經忘了是什麼時候了。\n\n**Clip 2:**\n\n從事我這方面專業方面的工作吧,因為我也不知道 我能做什麼。\n\n**Clip 3:**\n\n最近感到開心的是,就是放假了吧。""]","['上一次，好像，与别人争吵，已经忘了是什么时候了', '最近感到开心的事就是放假了吧', '从事，我，这方面，专业方面的工作吧，因为，我也不知道我能做啥']"
t_31,"['Okay, here\'s the transcription of the audio clips:\n\n*   **Clip 1:** ""我很少失眠,然后失眠的时候,没,就感觉就是,能不能睡着随便吧。""\n\n*   **Clip 2:** ""我选择的专业是软件工程,然后当时就想学计算机吧,觉得就业前景好,就这样。""\n\n*   **Clip 3:** ""我放松的时候喜欢看美食视频和玩游戏,因为能让我放松,要什么都不用想。""']","['额，我很少失眠，然后失眠的时候，没，就感觉就是能不能睡着，随便吧', '我放松的时候喜欢看美食视频和玩游戏，因为能让我放松呀，什么都不要想', '额，我选择的专业是软件工程。然后，额，当时就想学计算机吧，觉得就业前景好，就这样']"
t_32,"['Okay, here are the transcriptions for each clip:\n\n**Clip 1:**\n\n呃,傷心的時候一般會聽音樂,一個人靜靜,或者是去 去外面運動發洩。\n\n**Clip 2:**\n\n印象最深刻的經歷應該是去西藏旅遊,因為 嗯,景色很美,而且和家人一起去。\n\n**Clip 3:**\n\n那時候喜歡看小說,因為 嗯 其實太有趣的故事會讓心情比較愉快。']","['嗯，生气的时候一般会听音乐，一个人静一静，或者去外面运动，发泄一下情绪', '的时候喜欢看小说，因为，就是看有趣的故事会心情比较愉快', '印象最深刻的经历应该是去西藏旅游，因为，嗯，景色很美，而且和家人一起去']"
t_33,"['好的，以下是錄音檔的轉錄內容：\n\n*   **Clip 1:**\n    我 不經常失眠, 但是呃 每天要隔一段, 上床之後要隔一段時間才能睡著。 所以這個這段時間我就會想一些,一些衣服的美的,然後, 並不是太痛苦。\n*   **Clip 2:**\n    我視頻還喜歡長得 漂亮的小孩子,因為看著長漂亮的小孩子就 想起了小時候的我。\n*   **Clip 3:**\n    生活中給我帶人上面影響的人應該是我的媽媽。 嗯,爸爸和我的 呃 朋友,然後 呃 一朋友,他們就是 很可愛,然後會給我一些正確的引導,然後 能夠使我很開心,看他們就']","['我不经常失眠但是，额，每天要隔一段，上床之后要隔一段时间才能睡觉，这段时间我就会想一些有的没的，并不是很痛苦', '生活中给我带来正面影响的人应该是我的妈妈，嗯，爸爸和我的，额，朋友，然后，额，女朋友，他们就是很可爱，会给我一些正确的引导，然后，能够使我很开心，看到他们就很开心', '我是比较喜欢长得漂亮的小孩子，因为看到长得漂亮的小孩子，就想起了小时的我']"
t_34,"['好的，这是音频文件的转录文本：\n*   **Clip 1:** 是前面一次写的程序出了bug, 然后调了很久调不出来。\n*   **Clip 2:** 我家我父母还有三个姐姐。\n*   **Clip 3:** 家乡的风景好, 空气好, 然后家乡人民特别热情。']","['是前面一次写的程序出了BUG', '家乡的风景好，空气好，然后家乡的人民特别热情', '额，我家，我，父母，还有三个姐姐']"
t_35,['好的，以下是音檔的文字稿：\n\n*   **Clip 1:**\n\n我最討厭的事情應該就是排隊插隊的現象。因為我本身就算是一個就是並沒有那麼耐心的人。然後我在排隊的時候突然就旁邊有人插隊的話，我會特別生氣，然後有時候我會就和他 和他就是會說說這個事情吧。\n\n*   **Clip 2:**\n\n我非常喜歡小孩子，可能是從小到大，然後我基本上是在家裡有一個年紀比較大的一個大哥哥存在的。然後每次放學回家的時候，然後都是會帶著我幾個弟弟一起玩。所以說是可能到，就是感覺和他們在一起就是呃能感覺聊得來吧。然後我感覺我自己現在其實也沒有並沒有完全的長大，所以說還是比較喜歡小孩子。當然有的人是就是覺得小孩子比較鬧，但是我感覺我應該能管得住他們。\n\n*   **Clip 3:**\n\n放鬆的時候就是最喜歡去打球，或者是在宿舍裡看電視看比賽。然後有時候會出去到現場看比賽。就感覺可以讓整個大腦都放鬆一下，什麼都不用想。'],"['我最讨厌的事情应该就是排队插队的现象，因为我本身就算是一个就是并没有那么耐心的人，然后我在排队的时候，突然就旁边有人插队的话我会特别的生气，然后，有的时候我会就，和他，和他就是会说这个事情的', '放松的时候就是最喜欢去，打球或者是在宿舍里看电视看比赛，然后有时候还会出去到现场去看比赛，就感觉可以让整个大脑都放松一下，什么都不用想', '我非常喜欢小孩子，可能是从小到大，然后，我基本上在家是以一个年纪比加大的一个大哥哥的存在，然后每次放假回家的时候，然后，我都是会带着我几个弟弟一起玩，所以说这可能导致，感觉他们在一起就是，额，能感觉聊得来吧，']"
t_36,"['Okay, here are the transcriptions of the three clips you provided:\n\n*   **Clip 1:** ""要看是什麼樣的情況吧, 就是 普通的話, 我覺得應該沒, 沒什麼, 就比較生氣的話, 一般會 看看情況, 就是一般會先憋著吧, 然後 等到有機會的話,會和朋友.""\n*   **Clip 2:** ""嗯, 在大學中學習的是軟件工程。 當時選這個專業, 一方面是覺得這個專業工作 比較好找吧, 然後 覺得從事, 以後要從事的工作還有現在要學的東西""\n*   **Clip 3:** ""上次感到開心 應該是  發現自己喜歡的動畫一次跟。""']","['那要看是什么样的情况吧，就是，普通的话我觉得应该没，没什么，就比较生气的话一般会看，看情况，一般会先憋着吧，然后，等到有机会的话会和朋友啊之类的，吐槽一下之类的', '上一次感到开心应该是，额，发现自己喜欢的动画一次更', '嗯，在大学中学习的是软件工程，当时选这个专业一方面是觉得这个专业的工作比较好找吧，然后觉得从事，以后要从事的工作，还有现在要学的东西']"
t_38,"['Okay, here are the transcriptions of the three audio clips:\n\n*   **Clip 1:** 大概就是在 抢不到车票的时候吧, 因为买机票真的, 真的要贵很多, 然后春运嘛就 很多方法都试了还是抢不到。\n\n*   **Clip 2:** 我学的是软件工程专业, 因为 就从小就对这方面比较感兴趣。\n\n*   **Clip 3:** 最喜欢家乡的气候吧, 就夏天 夏天也就20多度, 冬天也就10度左右, 比较适合居住吧。']","['大概就是在，抢不到车票的时候吧，因为买机票，真的，真的要贵很多。然后，春运嘛，就，就很多方法都试了还是抢不到', '最喜欢家乡的气候吧，就夏天，夏天也就二十多度，冬天也就十度左右，比较适合居住吧', '我学的是软件工程专业，因为就从小就对这方面比较感兴趣']"
t_39,['好的，以下是音频的文字稿：\n\n**Clip 1:**\n最一次不开心应该是期末考试吧，因为当时状态不是很好。 就是每一门复习都 想学学不进去，不想学又不敢放。 就非常自责。 嗯，然后刚刚看了出来的成绩，有的也不是很理想，所以 挺，挺奥。\n\n**Clip 2:**\n很喜欢，因为小孩子一般都很吵。 而且容易不讲理，不知道他们会对我或者是我的 一些东西做出什么。 如果是那种亲戚家的小孩子的话，倒是还可以吧， 去逗一逗啊，抱一抱之类的，还可以接受，但是陌生的小孩子，嗯不是很喜欢。 其实也分种类，如果是很乖很懂事的小孩，单纯因为可爱的话，就 嗯，还挺喜欢的，但是感觉不如可爱的猫猫狗狗给我喜欢的程度更大一些。\n\n**Clip 3:**\n开心是今天中午的时候，我有一个从小就特别好的朋友去了日本考学。 考了好多所，考了半年多了都没有考上，终于今天中午拿到了录取通知书，就非常替他开心。'],"['最近一次不开心应该是期末考试吧，因为当时状态不是很好，就是，每一门复习都，想学也学不进去，不想学又不敢放，就非常自责。嗯，然后，刚刚看了出来的成绩，有的也不是很理想，所以挺，挺懊悔', '上一次开心是今天中午的时候我有一个从小就特别好的朋友去了日本考学，考了好多所，考了半年多了都没有考上，终于今天中午拿到了录取通知书，就非常替他开心', '不太喜欢，因为小孩子一般都很吵，而且容易不讲理。不知道他们会对我，或者是我的一些东西做出什么，如果是那种亲戚家的孩子的话倒是还可以吧，去逗一逗抱一抱之类的可以接受，但是陌生的小孩子，嗯，不是很喜欢。其实也分种类，如果是很乖很懂事的小孩，单纯因为可爱的话，就，嗯，还挺喜欢的，但是感觉不如可爱的猫猫狗狗，给我喜欢的程度更大一些。']"
t_40,['好的，这是转录稿：\n\n**Clip 1:**\n我很少失眠。然后仅有的失眠的时候是会觉得脑袋很兴奋，但是身体很疲惫。然后你熬过了一段时间之后，你就自然的，就是太累了，就会睡着。\n\n**Clip 2:**\n倒是没有，会有一些比较深刻的人生经历，最近的一次应该就是考研吧。 那个时候工作一段时间，然后 决定隐重途去考研，然后周围有一些支持的声音，也有一些反对的声音。 比较庆幸的是那个时候父母非常支持我做这件事情。 到现在的话研究生也快毕业了，我还是比较庆幸当时做了一个那样的决定。\n\n**Clip 3:**\n那时候最喜欢做的事情是追剧。 一般来说， 追剧的话会按照自己的喜好分为演员或者是某种特定的题材，为什么喜欢呢？我觉得 往往剧或者是 相关书籍的话，它展示的是另外一个世界，往往还有它自己自带的世界观和价值观，然后你在追剧的过程或者是阅读相关书的过程当中，相当于体验了一遍 不一样的 经历， 我觉得这是最有意思的部分。'],"['我很少失眠，然后仅有的失眠的时候，是，会觉得脑袋很兴奋，但是身体很疲惫，然后你熬过了一段时间之后，你就自然的，就是太累了就会睡着', '那时候最喜欢做的事情是追剧，额，一般来说，嗯，追剧的话会按照自己的喜好分为演员或者是某种特定的题材。为什么喜欢呢，其实我觉得，嗯，往往剧，额，或者是相，相关的书籍的话，他展示的是另外一个世界，往往还有他自己自带的世界观和价值观，然后你在追剧的过程或者是阅读相关书的过程当中相当于是体验了一遍不一样的经历，我决定这是最有意思的部分', '倒是没有，会有一些比较深刻的人生经历，最近的一次应该就是考研吧。那个时候工作了一段时间，然后，决定中途去考研，然后周围有一些支持声音也有一些反对的声音，比较庆幸的是那时候父母非常支持我做这件事情，到现在的话，研究生也快毕业了，我还是比较庆幸当时做了那样的一个决定']"
t_41,['好的，这是您要求的音频转录结果。\nClip 1:\n我没有经常失眠，但是失眠的时候呢，我就会感觉非常的 难受，因为我经常失眠的话可能会导致我明天的工作节奏也会被打乱。但我明天如果不能得到足够的休息的话，明天可能我就不能很好完成应该完成的工作，然后第二天我可能会继续睡不着。\nClip 2:\n未来我希望能够从事视觉相关的研究，因为呃 做研究会比在企业工作更加自由，你可以做你想干的事情，探索你喜欢的东西，然后呢，呃 而且做研究 还有一个好处就是你当您解决一个问题的时候，你会非常自豪，非常的开心。\nClip 3:\n我最放松的时候喜欢睡觉，看电影，或者玩玩游戏，因为做这些事的时候我不需要去思考很多令人 非常压抑，非常痛苦的事情。'],"['我没有经常失眠，但是失眠的时候呢，我就会感觉非常的难受，因为我这场失眠的话，可能会导致我明天的工作节奏也会被打乱，然后我明天，如果不能得到足够的休息的话，明天可能我就不能很好的完成应该完成的工作，然后，第二天我可能会继续睡不着', '我最放松的时候喜欢睡觉看电影或者玩玩游戏，因为做这些事的时候我不需要思考很多令人非常压抑非常痛苦的事情', '未来我希望能够从事视觉相关的研究，因为，额，做研究会比在企业工作更加的自由，你可以做你想干的事情，探索你喜欢的东西。然后呢，额，而且，做研究还有一个好处就是，你，当你解决一个问题的时候会非常的自豪，非常的开心']"
t_42,"['好的，这是音频文件的转录：\n* **Clip 1**\n\n后悔的事情肯定就是高三的时候没有好好锻炼身体，然后导致 而且就是会熬夜啊，或者不吃早饭啊，就导致胃变得比较不好, 然后， 会在高考之前，就在高考之前。 就是各种上吐下泻，然后 然后考前那个半个小时才到了考场，然后整个人状态非常非常的差。 导致我整个考语文的时候是， 哎说是大脑一片空白。 嗯，最后也导致了我 我的语文就是，包括作文，甚至会写偏题，然后语文成绩最后出来不是特别特别的理想。 对，而且本身我语文是相对来说是我一个优势项目，最后变成了，生生变成了可能全班倒数的水平，然后这个这个也是让我非常非常的难以接受的。 对，然后所以 怎么说呢？这应该算是我，有现在人， 就是，20,20年的人生中一个，一个比较，比较后悔的事情。 然后 嗯，对，应该差不多了，就这样。\n\n* **Clip 2**\n\n我最想从事的就是 软件工程师或者说是算法工程师。 因为 首先我第一印象，我觉得作为一个软件工程师，它是一个非常酷的职业。 就是说你可以仅仅用短短几行，或者说 就是几百几千行代码来开发一个软件，而这个软件可以非常非常的便利。 可以 可以给人们的生活带来很多的方便。 我觉得这个是一件 很有成就感的事情。 嗯其次我觉得 就比如说 一个算法工程师，他可以 在有限的时间有限的资源里更高效的解决一个问题。 比如说可以通过一些算法的优化来，比如说来减缓延迟，来提高准确率。 我觉得这个是 非常非常厉害的。 然后，而且算法的本质，其实数学，而我对数学这种学科是比较有兴趣的，然后我觉得数学本身它是一种，有一种很简洁的美丽。 就是它可以 嗯 怎么说呢？ 就是它可以把一些繁烦的问题。 简单化 但是或者说是抽象化。 但是又不失其逻辑性，我觉得 这样 一个 是我很 喜欢的一种思考问题的方式。\n\n* **Clip 3**\n\n我最好的朋友应该是王毅，然后他 他 他最吸引我的首先是他非常的聪明。 呃怎么说呢？他就读于 清华大学，并且在清华大学 呃至少在大一年的学习中是排名专业第一，然后 除此以外，他还比较喜欢去 打排球，然后也是他们民乐清华民乐团中的一员，也经常随团去各地演出。 呃 所以他能在有限的时间里，然后去 达到这么一个成绩，我觉得是非常非常聪明的，并且在高中的时候他也是属于 思维非常敏捷，经常会想到一些标准答案之外，比标准答案还要巧妙的一些做法。 其次他是，他，他我觉得他比较体，呃比较善良，比较体贴，就是在我不开心的时候，但是他也比较忙的时候，他还是会抽出时间去， 呃去陪我聊天，去安慰我，去或者说是给我一些建议。 呃，其次我觉得他是 他是规划能力比较好的一个人。 他 我觉得他能 把自己要做的事情，想做，呃，想 就是想处理的事情都安排的非常的井井有条。 对，这是我觉得他比较吸引我的一些地方。']","['最后悔的事情肯定就是高三的时候没有好好锻炼身体，然后，导致，而且就是会熬夜啊，或者不吃早饭啊，就导致胃变得比较不好，然后会在高考之前，就在高考之前，就是各种上吐下泻，然后，然后考前大概半个小时才到了考场，然后整个人状态也非常非常的差，然后导致我整个考语文的时候是，等于说是大脑一片空白，嗯，最后也导致了我，我的语文就是包括作文甚至会写偏题，然后语文成绩最后出来，也不是特别特别的理想，对，和我，而且本身我的语文相对来说是我的一个优势项目，最后变成了，甚至变成了可能全班倒数的水平，这个也是让我非常非常的难以接受的，然后所以，怎么说呢，这应该算是我，有限的，二十，二十年的人生中，比较后悔的事情，然后，对应该差不多，就这样', '额，我最好的朋友应该是王毅，他，他最吸引我的，首先是他非常的聪明，额，怎么说呢，他就读于清华大学，并且在清华大学，额，至少在大一一年的学期种是排名专业第一，然后，除此以外，他还比较喜欢去打排球，然后也是他们民乐，清华民乐团中的一员，也经常随团去各地演出，额，所以他能在有限的时间里，然后去达到这么一个成绩，我觉得是非常非常聪明的，并且在高中的时候他也是属于思维非常敏捷，经常会想到一些标准答案之外，比标准答案还要巧妙的一些做法。额，其次，他是，他，他，他比较善良比较体贴，就是在我，就是不开心的时候，但是他也比较忙的时候，他还是会抽出时间去，去陪我聊天，去安慰我，去，或者说是给我一些建议。其次，我觉得他是，他是规划能力比较好的一个人，他，我觉得他能把他自己要做的事情，额，想，就是想处理的一些事情都安排的非常的井井有条，对，这是我觉得他比较吸引我的一些地方。', '我最想从事的就是软件工程师或者说是算法工程师，因为首先我的第一印象，我觉得，作为一个软件工程师，他是一个非常酷的职业，就是说你可以仅仅用短短几行，或者说，就是几百几千行代码来开发一个软件，而这个软件可以非常非常的便利，可以，可以给人们的生活带来很多的方便我觉得这个是一件，啧，很有成就感的事情。额，其次我觉得就比如说，一个算法工程师他可以在有限的时间有限的资源里更高效的解决一个问题，比如说可以通过一个算法的优化来，比如说，减缓延迟，来提高正确率，我觉得这个是非常非常厉害的，而且算法的本质其实是数学，而我对数学这门学科是比较又兴趣的，额，我觉得数学本身他是一种，有一种简洁的美丽，就是它可以，嗯，怎么说呢，就是它可以把一些纷繁的问题简单化或者说是抽象华，但是又不失其逻辑性，这样一个是我很喜欢的一种思考问题的方式。']"
t_43,"['Okay, here are the transcriptions of the audio clips:\n\n*   **Clip 1:** ""哇, 最近不开心的事就是呃一直考试吧, 考试连续三天考试, 而且考了三大主课, 非常重要, 感觉自己复习的并不好。""\n*   **Clip 2:** ""呃, 我家里就我一个孩子, 然后现在我奶奶在世,跟我们一起住呦, 所以一共有四口人, 我爸我妈, 还有我奶奶, 还有我。""\n*   **Clip 3:** ""父母监督我好好学习。""']","['哇，最近不开心的事就是一直考试吧，考试，连续三天考试，而且考了三大主科，非常重要，感觉自己复习的并不好', '额，父母监督我好好学习', '额，我家里就我一个孩子，然后，现在我奶奶在世，跟我们一起住，所以一共有四口人，我爸我妈还有我奶奶还有我']"
t_44,"['好的，這是語音檔的文字稿：\n\n*   **Clip 1:**\n生活中令人煩躁的事情很多, 學習和遊戲時都有。 不論大小的話, 最近的一次是在玩遊戲的時候輸了一把。 畢竟競技遊戲,想贏很正常。 雖然輸完之後惱了一段時間,覺得自己和隊友直播配合不是很好,但是很快就拋了。\n\n*   **Clip 2:**\n我家長住的一般是父母兩人, 祖父祖母住在舊近的小區。 我的姑父姑母住在他們的樓上, 我的舅舅在外地工作, 我有一個,我有三個表親, 表哥和一個表姐,目前都已經去了比較遠的城市打工。 我的外婆則於其他一些親戚一同住在幾百公里外的安慶市。\n\n*   **Clip 3:**\n我認為是我的父母, 俗話說,父母是孩子第一任老師, 從我記事到高中畢業為止,我在於他人的交往中很少談及道德為人方面的問題, 而父母作為引導者,時刻關注我的行為,與以指證或者包獎, 並且盡可能的以身作則,讓我明白如何。']","['生活中令人烦躁的事情很多，学习和游戏时都有。不论大小的话，最近的一次是在玩游戏的时候输了一把，毕竟竞技游戏，想赢很正常，虽然输完之后懊恼了一段时间，觉得自己和队友之间配合的不是很好，但是很快就抛到脑后了', '我认为是我的父母，老话说父母是孩子第一任老师，从我记事到高中毕业为止，我在与他人的交往中很少谈及道德为人方面的问题，而父母作为引导者时刻关注我的行为，予以指正或者褒奖，并且尽可能的以身作则，让我明白如何', '我家常驻的一般是父母两人，祖父祖母住在附近小区里，我的姑父姑母住在他们的楼上，我的舅舅在外地工作，我有一个，我有三个表哥和一个表姐，目前都已经去了比较远的城市打工，我的外婆与其他的一些亲戚一同住在几百公里外的安庆市']"
t_45,"['Okay, here are the transcriptions of the three audio clips:\n\n*   **Clip 1:** 我没有什么最后悔的事情，因为我觉得做了事情之后就不要后悔，向前看就好。\n\n*   **Clip 2:** 我希望未来可以开一家书店或者琴行，因为我比较喜欢惬意又闲的生活。\n\n*   **Clip 3:** 家乡的人和食物。']","['我没有什么最后悔的事情，因为我觉得做完什么事情之后就不要后悔，向前看就好了', '家乡的人和食物', '我希望未来可以开一家书店或者琴行，因为我比较喜欢惬意悠闲的生活']"
t_46,"['Okay, here are the transcriptions of the three audio clips you provided:\n\n*   **Clip 1:** 好朋友說唄。\n\n*   **Clip 2:** 喜欢听话的小孩。 很 太活泼的 挺烦人。 因为我带过小孩真是就特别的散人。\n\n*   **Clip 3:** 喜欢听音乐，因为 很放松。']","['跟好朋友说呗', '喜欢听音乐因为很放松', '喜欢听话的小孩，太活泼的挺烦人，我带过我外甥就特别烦人']"
t_47,['Clip 1 这前两天iPad烧花了，然后要寄回京东给他维修，然后就正在做这个东西的时候，我的老爹风风火火的跑过来跟我说赶近去寄快递，还在这磨蹭什么。 然后当时就 明明自己已经在做这个事情了，然后他还是带着一副指示的语气，然后两个人就发生了争吵。 啊就跟他说， 已经在搞了，不要着急什么什么吧，然后就 吵了一会儿。\nClip 2 这个要分情况，如果是让我玩小孩，陪小孩子玩的话，那还是很喜欢的，因为小孩子比较可爱是吧，带起来也 嗯就是如果只是陪他玩的话，就很多事情也不用那么操心，但如果是自己养小孩的话，感觉就是要负责麻烦的事情就多了，比如说，什么看着不能跑啊，换尿布啊，各种各样比较就是要需要照顾到的事情比较多，那可能就是更多的要偏 关照一方的话，那， 如果对于我现在来说可能还是不不那么喜欢。\nClip 3 前两天回家，然后和同学聚会的时候，大家说一起玩，玩斗地主吧，然后斗地主玩着玩着就刚开始是没有说要花就是赌钱什么什么的。但是后来因为为了更加刺激一点就五五角钱一局，然后虽然五角钱 大家都是有是有赢，但也别多，后来他说换一个换一个花样玩，就是玩另外一种玩法。结果我是第一次玩，玩着玩着就拿抽到一副王炸翻了翻了好几倍，一次性赚了四十多块钱，直接把回家的车票 给赚。'],"['就前两天ipad摔坏了，然后，要寄回京东给他维修，然后就正在做这个东西的适合，我的老爹风风火火地跑过来跟我说赶紧去寄快递还在这磨蹭什么。然后，当时就，明明自己已经在做这个事情了，然后他还是带着一副指使的语气，然后两个人就发生了争吵，就跟他说已经在搞了，不要急，什么什么，然后就吵了一会', '前两天回家，然后和同学聚会的时候，大家说一起玩，玩斗地主吧。然后斗地主玩着玩着，就，刚开始是没有说要花，就是赌钱什么什么的，但是，后来因为为了更加刺激一点，就五角，五角钱一局，然后虽然五角钱大家都是有输有赢，但也不多，后来说换一个花样玩，就是玩另外一种玩法，结果我是第一次玩，玩着玩着就抽到一副王炸，翻了好多倍一次性赚了四十多块钱，直接把回家的车票给赚了', '这个要分情况如果是让我玩小孩，陪小孩子玩的话，还是很喜欢的。因为小孩子比较可爱，是吧。带起来也，嗯，就是如果只是陪他玩的话，就很多事情也不用那么操心，但如果是自己养小孩的话，额，感觉就是要负责麻烦的事情就多了，比如说什么，额，看住不能跑啊，换尿布啊，各种各样比较，就是需要照顾到的事情比较多，那可能更多的是要偏关照一方的话，那，如果对于我现在来说，可能还是不那么喜欢的']"
t_48,['好的，这是音频文件的文本记录：\n\n*   **Clip 1:** 我最近一次感到不开心的时候 就是上周吧，我们老师找我干了个杂活，啊，给他填一个材料，我和， 嗯，我和我的另外一个师兄， 用了将近一天的时间，然后熬到 熬到凌晨才给他填完， 嗯， 嗯， 这件事本来可以 提前做的，但是他没有早通知我。\n*   **Clip 2:** 我未来希望 能进入国企或者政府单位工作，因为 嗯， 这，这两种工作， 比较稳定。\n*   **Clip 3:** 我放松的时候最喜欢去学校 附近的海边走一走，因为平时科研压力比较大， 所以， 需要 看看大海来缓解一下心情。'],"['我最近一次感到不开心的时候就是上周吧，我们老师找我干个杂活，给他填一个材料。我和，嗯，我和我的另外一个师兄，用了将近一天的时间，熬到，熬到凌晨才给他填完，嗯。这件事本来可以提前做的，但是他没有早通知我', '我放松的时候最喜欢去学校附近的海边走一走，因为平时的课业压力比较大，所以需要看看大海来缓解一下心情', '我未来希望能进入国企或者政府单位工作，因为，嗯，这，这两种工作比较稳定']"
t_5,"[""Okay, here are the transcriptions of the three audio clips:\n\n*   **Clip 1:** 太久远了，不记得了。 (Tài jiǔyuǎn le, bù jìdé le.) (It's too long ago, I don't remember.)\n*   **Clip 2:** 不喜欢，因为他们很吵，长得又不可爱。(Bù xǐhuan, yīnwèi tāmen hěn chǎo, zhǎng de yòu bù kě'ài.) (I don't like it, because they are very noisy and don't look cute.)\n*   **Clip 3:** 喜欢睡觉，因为睡觉很舒服。(Xǐhuan shuìjiào, yīnwèi shuìjiào hěn shūfu.) (I like sleeping, because sleeping is very comfortable.)""]","['太久远了，不记得了，嘻', '喜欢睡觉，因为睡觉很舒服', '不喜欢，因为他们很吵，长得又不可爱']"
t_51,"['Okay, here are the transcriptions of the three clips:\n\n*   **Clip 1:** 跟呼吸 跟其他人抱怨罵\n*   **Clip 2:** 一般吧,自己的孩子比較喜歡,別人的小孩子\n*   **Clip 3:** 是感到開心是拿到面商項目的時候, 因為 自己付出了那麼多的努力,最後終於有了好的成果。']","['深呼吸，跟其他人抱怨，骂几句', '上一次感到开心，是拿到面上项目的时候因为自己付出了那么多的努力最后终于有了好的成果', '一般吧，自己的孩子比较喜欢，别人的小孩子，太吵了']"
t_53,['最討厭的人呢，當然就是打王者的時侯，你遇到那些死媽崽 就特別 能夠壞人心態 一直在那邊發什麼幹得漂亮，收到 甚至我也竟然這麼幹，但是我純粹是為了反擊他們。 然後 呃 演員懂吧？就是 那種 呃 尤其是那種導演就是花錢就是 請人在對面或者自己這邊。 安排彼此安排上分的那種。 嗯，我以後就是想從事那種 嗯 比較閒適的工作 就是 比如說 一個人安靜的開一家咖啡館或者書館。 然後 就是服務於那些想要在喧囂都市中獲取一份寧靜的人們 我希望能夠給他們營造一種就是在這裡 打發時光，無拘無束的一種氛圍 因為我本身就是一個 性格比較恬淡的人。 然後 嗯 我也覺得 人啊必須得 嗯 拿拿出一部分時間來獲得自我心靈的昇華。 差不多就這樣。 嗯，我最好的一個朋友，嗯。 它就是 嗯，雖然說 就是 興趣愛好和我 並不是特別合，但是為人特別開朗和豪爽。 然後 對朋友們也是 傾心相助，坦誠相見。 大家有 困難的時候都會一起幫忙，有好處的時候都會一起分享。 嗯差不多就這樣。'],"['最讨厌人么当然就是打王者时候遇到那些死马仔，就特别，能够坏人心态，一直在那边发什么干得漂亮、收到，虽然我也经常那么干，但我纯粹是为了反击他们。然后，呃，演员懂吗，就是，那种，嗯，就尤其是哪种导演，花钱，就是请人在对面或是自己这边安排，彼此安排上分那种。', '嗯，我最好的一个朋友，嗯，他就是，额，虽然说，就是，志趣爱好和我不是特别合，但是为人特别开朗和豪爽，然后，对朋友么，也是倾心相助，坦诚相见。大家有困难时都会一起帮忙，有好处的时候都会一起分享。差不多就是这样。', '我以后就是想从事那种，比较闲适的工作。就是，比如说，一个人安静地开一家咖啡馆或者书馆，然后，就是服务于那些想要在喧嚣都市中获取一份宁静的人们。我希望能够给他们营造一种，就是在这里打发时光，无拘无束的一种氛围。因为我本身就是一个性格比较恬淡的人，然后，嗯，我也觉得人啊，嗯，拿出一部分时间来获得自我心灵的升华，差不多就是这样。']"
t_54,"['Here are the transcriptions of the three audio clips:\n\n*   **Clip 1:** 不经常不经常失眠。\n*   **Clip 2:** 我对最深刻的经历就是经过竞争评上了正教授。\n*   **Clip 3:** 其实也没什么最好的朋友, 算了吧。']","['不经常，不经常失眠。', '其实也没什么最好的朋友，算了吧。', '人生中最深刻的经历就是经过竞争评上了正教授。']"
t_55,['好的，以下是音频文件的文字记录：\n\n**Clip 1:**\n\n我不经常失眠，我失眠的时候往往就是第二天会有非常重要，或者是非常令我嗯比较激动，心绪难平的事吧，才会失眠，失眠的时候吧，就会感觉就是嗯睡不着，就是脑海里越来越精神，越来越精神，越来越清明，反而会陷入一种比较亢奋的状态下，这样就导致就是越来越睡不着，就失眠了。\n\n**Clip 2:**\n\n我的家庭构成，嗯，我家的家庭成员主要有我的爸爸，我的妈妈，还有我，还有一条狗，还有一只鸟。嗯，我觉得他们都是我非常重要的家人吧。\n\n**Clip 3:**\n\n我觉得生活中给我带来正面影响的人应该是我的父母吧，他们把我带到这个世界上来，然后为我塑造了正确的三观，让我积极健康的成长，教会我怎样做一个，怎样做一个有用的人吧，怎样做一个积极向上的人，把我变成了今天这个样子，他们对我的正面影响几乎是无时无刻的，所以我觉得给我带来最大正面影响的人应该是我的父母。'],"['我不经常失眠。我失眠的时候往往就是第二天会有非常重要或者非常令我心绪难平的事吧，才会失眠。失眠的时候感觉就是，额，睡不着，脑海里越来越精神，越来越清明，反而是陷入一种比较亢奋的状态下，这样就导致就是，越来越睡不着了，就失眠了。', '我觉得生活中给我带来正面影响的人应该是我的父母吧。他们把我带到这个世界上来，然后为我塑造了正确的三观，让我积极健康地成长，教会我怎样做一个，怎样做一个有用的人吧，怎样做一个积极向上的人，把我变成了今天这个样子。他们对我的正面影响几乎是无时无刻的，所以我觉得给我带来最大正面影响的人应该是我的父母。', '我的家庭构成，额，我家的家庭成员主要有我的爸爸，我的妈妈，还有我，还有一条狗，还有一只鸟。嗯，我觉得，他们都是我非常重要的家人吧。']"
t_56,"['Okay, here are the transcriptions of the three audio clips:\n\n*   **Clip 1:** 时常打饭和阿姨争吵，因为阿姨不给我把两个菜分开，她要打到一个盘子。\n*   **Clip 2:** 我爸，我妈还有我姐，还有我。\n*   **Clip 3:** 建筑。']","['食堂打饭和阿姨争吵。因为阿姨不给我把两个菜分开，她要把两个菜打到一个盘子里。', '建筑。', '我爸我妈我姐还有我。']"
t_58,"[""Okay, here's the transcription of the audio clips:\n\n**Clip 1:**\n\n嗯， 不知道 有翻弄个奥恼了， 不开心的话， 嗯， 都是生活中的一些小事情吧， 然后很快的话就会过去。\n\n**Clip 2:**\n\n大学学习的专业是石油工程。 为什么选择，因为父母是做石油的，然后 自己也想 干这一方面。\n\n**Clip 3:**\n\n放松的时候最喜欢听歌, 因为听, 因为我喜欢唱歌。""]","['嗯，不记得有愤怒和懊恼了。不开心的话，都是生活中的小事情吧，然后很快的话也会过去。', '放松的时候最喜欢听歌。因为我喜欢唱歌。', '大学学习的专业是石油工程。因为父母是做石油的，然后自己也想干着一方面。']"
t_59,"[""Okay, here's the transcription of the three clips:\n\n**Clip 1:**\n\n嗯, 最近一次是就是 有兩門專業課出來,成績出來的時候就 覺得自己本來可以拿優的,但是還是拿了良。\n\n**Clip 2:**\n\n因為睡覺,聽歌,然後看書。\n\n**Clip 3:**\n\n就是他跟我一起長大,然後是性格特別能包容別人,然後很溫柔的。""]","['最近一次是，就是有两门专业课成绩出来后，就觉得自己本来可以拿优的但还是拿了良。', '就是，嗯，他跟我们一起长大，性格特别能包容别人，然后很温柔的那种人。', '会睡觉听歌看书什么的。']"
t_6,"['好的，这是音频文件的转录：\n\n*   **Clip 1:** 最讨厌的人或事情大概是虚伪的人或者虚伪的事情吧。\n*   **Clip 2:** 希望从事一份薪资可以养得活自己, 然后和文化有关的内容。嗯，因为我希望自己不是一天到晚在进行机械的工作，而是能创造出一些文化价值。\n*   **Clip 3:** 嗯，上一次感到开心的时候是上个周末和男朋友一起出去看画展。原因是因为好久都没有这样，就两个人在一起开开心心的，没有什么压力。']","['最讨厌的人或事情，大概是虚伪的人或者虚伪的事情', '嗯，上一次感到开心的时候是上个周末和男朋友一起出去看画展，原因是因为好久都没有这样，就两个人在一起开开心心的，没有什么压力', '希望从事一份，薪资可以养得活自己，然后和文化有关的内容。嗯，因为我希望自己不是一天到晚在进行机械的工作，而是能创造一些文化价值']"
t_60,['好的，這是您要求的音訊轉錄：\n**剪輯 1:**\n因為討厭的人或事情啊，嗯，沒有，沒，一下子想不起來吧，但我覺得最討厭的人就是，呃，就是不誠實的人，欺騙你的人。不管是就是你欺騙你肯定會有情感上的欺騙，因為你肯定很信任他，那當你很信任這個人，但是他欺騙了你，就，就會讓我覺得很不能接受，一時間沒有辦法從裡面走出。\n\n**剪輯 2:**\n其實我不太，嗯，就是對自己的興趣愛好吧，我不是特別的明細，就是可能在學校這麼多專業裡面沒有一個特別特別喜歡的，但是有特別討厭的，然後綜合評估下來，然後又覺得當前這個專業可以開拓，有開拓的這種狀態，然後可以自己去建立一個新的世界，就覺得還蠻有意思的，雖然學得很累，但是，就是還，還行。哦對，我在大學裡面學習的是軟軟件工程。\n\n**剪輯 3:**\n我放鬆的時候就喜歡看看視頻，就覺得比較，啊，可以把自己從當前的生活當中剝離出來，然後去進入到另外一個完全不同的世界裡面，去體驗別人的認識，我會覺得比較有意思吧，然後比較能夠放鬆自己。'],"['最讨厌的人会是谁啊，啊，一下子想不起来吧。但我感觉最讨厌的人就是，啊，就是不诚实的人，欺骗你的人。不管是，就是欺骗你肯定会有情感上的欺骗，因为你肯定很信任他。那当你很信任这个人但是他欺骗了你，会让你，啊，让我觉得很不能接受，一时间没有办法从里面走出来这种感觉。', '我放松的时候就喜欢看看视频，就觉得比较，可以把自己从当前的生活中剥离出来，然后去进入到另外一个完全不同的世界里面，去体验别人的人生，会觉得比较有意思吧，比较能够放松自己，对。', '其实我不太，对自己兴趣爱好吧，不是特别的明细。就是可能在学校这么多专业里面，没有一个特别特别喜欢的，但是有特别讨厌的。然后综合评估下来然后觉得当前这个专业可以开拓，有开拓这种状态，然后可以自己建立一个世界，就觉得还蛮有意思的，虽然学着很累，但就是还行。哦对，我在大学里面学习的是软件工程。']"
t_61,['好的，这是音频文件的转录：\n*   **Clip 1:** 一年以前把当时我的心情不太好，因为一些复杂的原因。\n*   **Clip 2:** 印象最深的经历是高考完之后，第一次离开家乡去读大学，然后去火车站一直坐火车到同济大。\n*   **Clip 3:** 上一个寒假的时候，因为我看完了一部自己最喜欢的动画。'],"['一年以前吧，当时我的心情不太好因为复杂的原因。', '上一个寒假的时候。因为我看完了一部自己最喜欢的动漫。', '印象中最深的经历就是高考完后第一次离开家乡去读大学，然后去火车站一直坐火车到同济大学。']"
t_62,['好的，這是音頻文件的轉錄：\n\n**音頻 1：**\n\n嗯，最後悔的事，我覺得我這個人是沒有最後悔的事，可能有一些小事會後悔，比如說，嗯，發生一些失誤啊什麼的。但是就是都是一些小事。\n嗯，我這個人就是不會對大事感到後悔，雖然可能證明我當時做錯了，或者是結果很失敗，但是我覺得那是我人生的一部分。是那一部分一部分的，嗯，一件一件的小事，一件一件的大事才構成了我的人生。所以我構成了現在的我，所以我不會感到非常後悔。\n\n**音頻 2：**\n\n一個人獨處的時候，喜歡在宿舍裡，嗯，就會幹很多事呀，比如說看小說，追劇，嗯，哎喲，還有，當然還有學習，我現在就是一個人在宿舍裡學英語。對，重要的是學習。\n\n**音頻 3：**\n\n其實最近沒有讓我感到特別開心的事，我覺得生活中的一些細瑣的小事也能讓人開心吧。比如說聽音樂隨機到了自己喜歡的歌曲，嗯，再比如說下班的路上路過中醫院聞到了我最喜歡的中藥的氣味。然後再比如說，嗯，其實都是很小的事情，但就很容易讓我開心，很容易滿足。'],"['最后悔的事，我觉得我这个人没有最后悔的事，可能就一些小事会后悔，比如说发生失误啊什么的。但是就是都是一些小事。我这个人就是不会对大事感到后悔。虽然可能证明我当时做错了或者是结果很失败，但是我觉得那是我人生的一部分。是那一部分一部分、一件一件的小事、一件一件的大事才构成了我的人生，构成了现在的我，所以我不会感到非常后悔。', '其实最近没有让我感觉特别开心的大事，我觉得生活中特别细小的小事也能让人开心吧。比如说，听音乐随机到了自己最喜欢的歌曲，比如说下班的路上路过中医院闻到了最喜欢的中药的气味，然后在比如说，嗯，就是都是一些很小的事情但就是很容易让我开心。', '一个人独处的时候，喜欢在宿舍里。就会干很多事啊，比如说看小说、追剧，还有，当然还有学习，我现在就是一个人在宿舍里学英语。对，重要的就是学习。']"
t_63,"['Okay, here are the transcriptions of the audio clips:\n\n*   **Clip 1:** 我不太记得清楚。 好像是上个礼拜什么时候。\n*   **Clip 2:** 景观园林设计。\n*   **Clip 3:** 与妈妈爸爸通视频的时候。']","['不太记得清楚，好像是上个礼拜什么时候。', '与妈妈爸爸通视频的时候。', '景观原理设计。']"
t_64,['好的，这是音频文件的转录：\n\n*   **Clip 1:**\n\n    有时候会失眠，然后失眠的时候就是那种头很，就是感觉很头疼。然后，就是想睡然后睡不着觉了，心情比较烦躁，然后头也比较晕，然后还会头疼。\n*   **Clip 2:**\n\n    未来就是从事跟，就是一些程序的工作，开发或者是运维都可以。 原因就是自己，自己学了这个专业，然后想从事这些，相关跟专业对口的一些工作。\n*   **Clip 3:**\n\n    比较激动的时候是晚上打游戏的时候，就因为在打CSGO，然后一个人把对面全灭了，然后就比较激动也很开心。'],"['有时候会失眠，然后就是失眠的时候就是会头感觉很头疼，然后就是想睡睡不着觉，心情比较烦躁，然后头也比较晕，然后还会头疼。', '上一次比较激动的时候是晚上打游戏的时候，就因为在打CS', '未来就是从事一些和程序员有关的工作，运维、开发都可以。原因就是自己学的专业，想从事和专业相关对口的工作。']"
t_66,"['好的，这是音频文件的转录：\n\n*   **Clip 1:** 漫无目的的等待。\n*   **Clip 2:** 这也是分情况的。 如果是太小的话, 就会很吵闹, 我就不喜欢太小的小孩子。 但如果像那种两三岁, 三四岁, 四五岁这种， 正可爱的, 这种就挺喜欢。 但是再长到上小学, 就又有点不喜欢了。\n*   **Clip 3:** 就出去大吃了一顿。']","['漫无目的的等待。', '就出去大吃了一顿。', '这也是分情况的。如果是太小的话就会很吵闹，我就不喜欢太小的小孩子。但如果说两三岁、三四岁、四五岁这种，正可爱的，这种就挺喜欢。但再长到上小学，就又有点不喜欢了。']"
t_67,"[""Okay, here's the transcription of each audio clip:\n\n**Clip 1:**\n\n呃,比较后悔的就是,呃, 大,大一下, 大二上,就是, 考得不是很好。其实没什么后悔的事情, 就是 其实,个人感觉没什么特别后悔。\n\n**Clip 2:**\n\n不喜欢,因为觉得太吵。\n\n**Clip 3:**\n\n最近的一次是上周,因为 买了 喜欢的。""]","['嗯比较后悔的就是，大一下大二上考的不是很好。其实没有什么后悔的事情，其实个人感觉没有什么特别后悔的事情。', '最近的一次是上周，因为买了喜欢的东西。', '不喜欢，因为觉得太吵了。']"
t_68,"['好的，这是你的音频转录：\n\n* **Clip 1:**\n我最讨厌的就是那些 就是 比较懒惰的人,就那些 有些人啊,他 嗯, 怎么说呢, 可能平时不,对自己的东西不怎么上心,然后不不不不功夫,然后最后结果不好,就说哎呀,自己天赋不行之类的。 我觉得 这这。\n* **Clip 2:**\n我比较喜欢小孩子,因为小孩子 嗯 就是 就是就就是一个人生的白板。 如果我有如果我想他们传那种正面的情绪的话 就可以 对他的人生有帮助,然后 另一方面,他们也比较可爱,比较讨人爱。\n* **Clip 3:**\n给我带来正面影响的,就是我的同学们。 嗯,有好几位同学都很值得我学习。 然后我就在学习他们。 他们对我的评价 中规中矩。 嗯 比较勤奋。']","['我最讨厌的就是那些比较懒惰的人。有些人啊，怎么说呢，平时对自己的东西不怎么上心，然后不下功夫，到最后结果不好，然后就啊呀，自己天赋不行，就这些，我觉得这种人挺讨厌的。', '给我带来正面影响的人是我的同学们。好几位同学都值得我学习他们，他们对我的评价中规中矩，比较勤奋。', '我比较喜欢小孩子。因为小孩子就是一个人生的一块白板，如果我向他们传递那种正面的情绪的话，就可以对他们人生有帮助。另一方面他们也比较可爱，比较讨人爱。']"
t_69,"[""Okay, here are the transcriptions of the three clips:\n\n*   **Clip 1:** 冷静。 (Lěngjìng.) - Calm down.\n\n*   **Clip 2:** 我有一个善解人意的妈妈， 还有一个非常凶狠的爸爸， 还有一个 非常幼稚的姐姐， 我是一个成熟的大人。 (Wǒ yǒu yī gè shànjiě rényì de māmā, hái yǒu yī gè fēicháng xiōnghěn de bàba, hái yǒu yī gè fēicháng yòuzhì de jiějiě, wǒ shì yī gè chéngshú de dàrén.) - I have an understanding mother, a very fierce father, and a very naive older sister. I'm a mature adult.\n\n*   **Clip 3:** 我喜欢家乡的梅干菜。(Wǒ xǐhuan jiāxiāng de méigāncài.) - I like the dried mustard greens from my hometown.""]","['冷静。', '我喜欢家乡的梅干菜。', '我有一个善解人意的妈妈，还有一个非常凶狠的爸爸，还有一个非常幼稚的姐姐，我是一个成熟的大人。']"
t_70,['好的，这里是音频文件的转录。 **Clip 1:** 呃，最后悔的事情，可能是当年高考的时候没有那么努力，没有考上自己一个理想的大学。 **Clip 2:** 呃，家庭比较完整，只有这个爸爸 父亲和母亲，然后他们就是工作也比较忙碌，然后家庭生活比较幸福。 **Clip 3:** 阳光开朗，大方热情奔放，然后待人热情，然后对朋友都非常好，人缘比较好。'],"['最后悔的事情就是当年高考的时候没有那么努力，没有考上自己理想的大学。', '阳光开朗大方，热情奔放，然后待人热情，然后对朋友也比较好，人也很好。', '家里边主要只有爸爸，父亲和母亲他们工作也比较忙碌，家庭生活也比较幸福。']"
t_75,['好的，這是音檔的逐字稿：\n\n*   **音檔 1**\n\n> 在我印象裡面，我沒有做決論，呃，特別厲害的真吵過，就是最多是有一些小摩擦，但是就是會人聊一下，會人解決的。\n\n*   **音檔 2**\n\n> 我還是比較喜歡小孩子的，因為他們的，就是性格很可愛，很天真，然後就會 想知道自己想要什麼，也知道自己不想要什麼，他們雖然有時候很 狡皮，可是 卻 就是能非常直觀的表達自己喜歡或者不喜歡，非常的直爽。 然後他們有一些動作也很可愛，然後 非常 會讓人 去喜歡他們。\n\n*   **音檔 3**\n\n> 我最好的朋友，她個子不高，帶著眼鏡，然後也 很活潑，很可愛。 她是 她也勤奮，但是卻很樂觀。 她是有一雙很好看的眼睛，她比較吸引我的地方就是她 很為一名人超越。 就是 有一些動作，看我覺得非常的激動，然後就會非常的安心。'],"['在我印象里面我没有和别人特别激烈地争吵过，就是最多是有一些小摩擦，就是两个人聊一下就能解决的问题。', '我最好的朋友他个子不高，戴着眼镜，然后也很活泼很可爱，他是单眼皮也有一双很好看的眼睛。他比较吸引我的地方是很乐于助人，然后有一些动作也会说让我觉得非常的愉快，然后在我不开心的时候她也会安慰我。', '我还是比较喜欢小孩子的。因为他们的性格很可爱很天真，然后就会想知道自己想要什么也会想知道自己不想要什么。虽然有时候很调皮，可是能够非常直观地表达自己喜欢或者不喜欢，非常直爽。然后他们有一些动作也很可爱，然后非常会让人喜欢他们。']"
t_76,['好的，这是三个音频文件的文字稿：\n**Clip 1**\n我不经常失眠，但是我属于那一种社交特别敏感的人。就是有一点，呃，就是在我浅睡的时候，刚刚入睡的时候，感觉自己入睡是比较快的，但是如果是有一点声音呃，就会被吵醒。比如说舍友突然翻了一个身，或者是说嗯外面施工呃的声音，所以我感觉还是一直很困扰我的，所以我就买了耳塞，我觉得这样会有助于我嗯就是保持睡眠，很快的呃，就是进入到一个深睡的状态。\n\n**Clip 2**\n我在大学学习的专业是体育经济与管理。这个专业说实话，并不在我的意料当中，因为学校也不在我的预料当中，学校的话是排到了我的第三志愿，那这个志愿，相当于就是我呃随便选择的，但是发现学了这个专业之后，对我影响还是很大的。首先是家庭当中也有人从事呃高校的体育老师的工作，再者呃家人也有嗯开设这个足球俱乐部，就是小型的足球俱乐部，然后我觉得呃平时还有什么问题也可以去问他们，他们也会给我一些这个行业最前沿的一些知识或者是见解吧。还有就是学了这个专业之后，虽然感觉这个专业不为大众所知，比较冷门，但是我一直觉得他起码是改变了我的一个思维。之前都是说体育生，呃学体育的一般都是体育生，学习不太好的，但我不这么认为。我觉得健康的体魄才是重，更重要的吧，就像我们常说的，身体是革命的本钱，只有好好的就是锻炼身体，有一个积极的心态去面对我们的生活，然后从运动当中找到 可以慰藉我们生活中所有不开心的一种这个心态。我觉得这就是我专业带给我的最大收获，所以我还是蛮喜欢的。\n\n**Clip 3**\n我最放松的时候我一般会睡觉，听音乐，看韩剧，看电影，因为我感觉平时的学习生活比较紧凑，每当我放松的时候我会尽可能的用这些娱乐的方式来减压，当然我也会选择运动。运动是减压的最好的方式吧，我认为，而且通过运动还可以消耗我的卡路里。'],"['我不经常失眠，但我是属于那种睡觉特别敏感的人，就是有一点灯，就是在我浅睡的时候，刚刚入睡的时候，感觉自己入睡是比较快的，但是如果是有一点声音，嗯就会被吵醒。比如说舍友突然翻了一个身，或者是说，嗯，外面施工的声音。所以一直都还蛮困扰我的，所以我买了耳塞，有助于我睡眠，就是很快的就是进入到一个深睡的状态。', '我最放松的时候我一般会睡觉，听音乐，看韩剧，看电影。因为我感觉平时的学习生活比较紧凑，每当我放松的时候会尽可能地用这些娱乐的方式来解压，当然我也会选择运动。运动是减压的最好的方式吧，我认为。而且通过运动还可以消耗我的卡路里。', '我在大学学习的专业是体育经济与管理。这个专业说实话并不在我的预料当中，因为学校也不在我的预料当中。学校的话是排到了我的第三志愿，而这个志愿相当于是我随便选择的，但是发现学了这个专业之后，对我影响还是很大的。首先是家庭当中也有人从事高校体育老师的工作，再者家人也有开设这个足球俱乐部，就小型的足球俱乐部。然后我觉得平时啊有什么问题也可以去问他们，']"
t_78,['好的，這是音頻文件的轉錄：\n\n*   **Clip 1:** 男朋友在兩天前，因為我覺得他在敷衍我，他騙了我。\n*   **Clip 2:** 小孩子有點太太太鬧了，而且我希望擁有自己獨立一點的生活。\n*   **Clip 3:** 那漂亮的女孩剪輯出來的視頻，因為看著他們就會很開心很放鬆。'],"['和我的男朋友在两天前。因为我觉得他在敷衍我，他骗了我。', '喜欢看漂亮的女孩子剪辑出来的视频。因为看着他们就会很开心，很放松。', '不喜欢。我觉得小孩子有点太闹了，而且我喜欢拥有自己独立一点的生活。']"
t_79,['好的，这是音频文件的转录：\n\n**Clip 1:**\n记不太清最近一次跟别人争吵是什么时候了，因为已经很久没有跟别人争吵了，但是脑袋里有印象的上一次跟别人争吵，也是因为工作原因，就是在海报的设计上出现了一个比较大的分歧，然后在，就是协商是失败的，然后任务又十分的紧急，影响又很大，然后就是因为这个原因去跟别人发生了争吵，但是不是我自己跟别人吵，是我们一群人跟一个人吵，对。\n\n**Clip 2:**\n我还是挺喜欢小孩子的，因为觉得小孩子比较可爱，但是如果他哭闹得很厉害的话，可能也会让我觉得很头疼，但是总体上来讲我还是挺喜欢小孩子。\n\n**Clip 3:**\n我觉得身边优秀的同学还有朋友都会给我带来正面的影响，就是跟他们聊天的时候啊，还有就是知道他们平时的一些事情啊，其实都是可以影响到我的，都会给我带来正常，正面的影响。'],"['记不太清最近和别人争吵是什么时候了。因为很久没有跟别人争吵了。但是脑海里有印象的跟别人的争吵也是因为工作原因，就是在海报的设计上出现了一个比较大的分歧，然后再协商是失败的，任务又恨紧急，影响又是很大的，于是因为这个原因跟别人发生了争吵。但是不是我自己跟别人吵，是我们一群人跟一个人吵。', '我觉得身边优秀的同学和朋友都会给我带来正面的影响。就是跟他们聊天的时候知道他们平时的一些事情其实都是可以影响到我的，都可以给我带来正面的影响。', '我还是挺喜欢小孩子的。因为觉得小孩子比较可爱，但是如果他哭闹得很厉害的话，也会让我很头疼。但是总体上我还是喜欢小孩子的。']"
t_8,['好的，没问题。以下是三个音频片段的文字记录：\n\n**Clip 1:**\n上一次跟别人吵架可能 一年或半年之前吧， 因为什么我也 不太记得了， 个人是一个非常不爱跟别人争的人。 就每当遇到问题的时候就是 我不与谁争，谁与我争，我也不屑。 我爱大自然，其次是艺术。 我手捧着希望之火取暖， 活了， 我已准备走。\n\n**Clip 2:**\n我的家庭构成比较一般。 家里有爸爸和妈妈。 我没有亲生的兄弟姐妹。 然后姥姥家这边有 有一位大舅。 大舅有一个姐姐。 然后爸爸这边有三个 兄弟姐妹，他有一个哥哥和一个姐姐。 然后 姑姑有一个儿子。 大爷有一个 女儿。 这是我的堂兄和堂姐， 这样。\n\n**Clip 3:**\n我最好的朋友 要说不上为什么，总是跟我很合拍。 有的时候 我们经常会 几天，几周，几个月甚至 大半年没有联系。 但是每当我们联系起来的时候 就会有说不完的话。 他跟我分享 我喜欢的事， 我跟他分享我在做的一些东西。 两个人总是会 一直聊到耳机没电，甚至手机没电，才不依不舍的挂断电话。 虽然他离我只有20分钟的高铁车程，但是还是 一个学期都没有一次两次机会可以看到他。 过年的时候，也通常没法聚在一起。 但是 每当我们相遇的时候，每当我们坐下来喝点东西，聊聊天的时候， 就会有一种莫名的熟悉感，大概那就是 心有灵犀， 或者是 一种 只有你自己，你们两个才懂的默契吧。'],"['上一次跟别人吵架，可能，一年或半年之前吧。因为什么我也，不太记得了，个人是一个非常不爱跟别人争的人，就，每当遇到问题的时候，就是，我不与谁争，谁与我争我也不屑。我爱大自然，其次是艺术，我手捧着希望之火取暖，火萎了，我也准备走了', '我最好的朋友，也说不上为什么，总是跟我很合拍。有的时候，我们经常会几天，几周，几个月，甚至大半年没有联系，但是每当我们联系起来的时候，就会有说不完的话，他跟我分享我喜欢的事，我跟他分享我在做的一些东西，两个人总是会一直聊到耳机没电，甚至手机没电才不依不舍地挂断电话。虽然他离我只有二十分钟的高铁车程，但是还是一个学期都没有一次两次机会可以看到他，过年的时候也通常没法聚在一起。但是，每当我们相遇的时候，每当我们坐下来喝点东西聊聊天的时候，就会有一种莫名的熟悉感，大概那就是，心有灵犀？或者是，一种只有你自己，你们两个才懂得默契吧', '我的家庭构成比较一般，家里有爸爸和妈妈。额，我没有亲生的兄弟姐妹，然后，姥姥家这边有，有一位大舅，大舅有一个姐姐。然后，爸爸这边有三个，额，兄弟姐妹，他有一个哥哥和一个姐姐，然后姑姑有一个儿子，大爷有一个女儿，就是我的堂兄和堂姐，这样']"
t_81,['好的，这是你要求的录音文字稿：\nClip 1: \n感觉最近因为压力大，好像一直都有和家里人争吵，所以上一次，我觉得也应该是最近吧，前两天吧，呃，其实我觉得争吵的内容并不是什么大事，还是因为情绪感染，最近特别特别烦，然后一有什么事情觉得就不在掌控的时候就有点不耐烦。\nClip 2:\n我觉得我还是蛮喜欢小孩子的吧，因为小孩子其实那种天真烂漫啊，无忧无虑的那种，呃，就是他的那种情绪吧，其实会感染到我，让我会一下子觉得哎呀，也也心情会很舒畅，我觉得这可能是我喜欢小孩子的一部分原因吧。\nClip 3:\n突然想，最开心的事情还真的蛮难的，因为最近事情特别多，压力特别大，很难想到说非常开心的事情，呃，觉得唯一开心的，可能想想马上到国庆了，可以休息一下，那这个可能是算开心的吧，其他的还真的想不到。'],"['感觉最近因为压力大，一直在和家里人争吵。所以上一次应该也是最近，前两天吧。其实我觉得争吵的内容不是什么大事，就还是情绪感染，最近特别特别烦，然后一有什么事情不太能掌控的时候就有点不耐烦。', '忽然想太开心的事情其实蛮难的。因为最近事情特别多，压力特别大，很难想到说非常开心的事情。觉得唯一开心的就是准备到国庆了，可以休息一下，这算是唯一开心的吧，其他的还真的想不到。', '我觉得我还是蛮喜欢小孩子的吧。因为小孩子那种天真浪漫啊、无忧无虑啊，就是他那种情绪吧会感染到我，让我会一下子觉得心情也很舒畅，我觉得这也是我喜欢小孩子的一部分原因吧。']"
t_82,"[""Okay, here's the transcription of the audio clips:\n\n**Clip 1:**\n好像是 吵不起来，跟别人争吵哎.\n\n**Clip 2:**\n烂的，小孩子很可爱的。天真浪漫的。\n\n**Clip 3:**\n师，老师为人师表.""]","['好像是想不起来，跟别人争吵诶。', '老师。老师为人师表。', '喜欢的，小孩子很可爱的，天真浪漫的。']"
t_85,['好的，以下是音頻文件的轉錄：\n\n**剪輯 1：**\n挺陰天吧，就是希望有一個同學不要把，就是負罪感， 不要讓自己太有負罪感，但是他覺得， 我不能理解他的情緒， 然後就有一點點。\n\n**剪輯 2：**\n不是很喜歡， 因為覺得他們太鬧騰。 嗯，而且不太懂事。 我我自己的話， 覺得照顧他們挺麻煩的。 啊，雖然他們挺\n\n**剪輯 3：**\n喜歡發發呆，聽聽歌。 嗯。 因為很喜歡音樂。 然後發呆的時候，感覺比較輕鬆。'],"['前几天吧。希望有一个同学不要把，负罪感，就是不要让自己太有负罪感，但是他觉得我不能理解他的情绪，然后就有一点点小的争吵。', '喜欢发发呆，听听歌。嗯，因为很喜欢音乐，然后发呆的时候感觉比较轻松。', '不是很喜欢。因为觉得他们太闹腾，而且不太懂事。我自己的话，觉得照顾他们挺麻烦，虽然他们挺可爱的。']"
t_86,"['Okay, here are the transcriptions of the three audio clips:\n* **Clip 1:** 上一次跟別人爭吵是應該是跟我媽跟我媽媽 是因為被催婚。\n* **Clip 2:** 我喜歡小孩子。 我可以可以跟他們 玩一天都不覺得不累。 而且 跟著小孩子 你會 心情很好。 帶他無憂無慮的陪著談話。\n* **Clip 3:** 我放鬆的時候 喜歡自己 做好吃的。 或者是 看比較愉悅的電影。 這樣會 給我 自己做成功吃的會有一種滿足感 和成就感。 嗯, 看過一些 老電影會 腦子會放空。']","['上一次跟别人争吵应该是跟我妈，跟我妈妈。是因为被催婚。', '我放松的时候喜欢自己做好吃的，或者是看比较愉悦的电影。这样给我做成功吃的会有一种成功感和满足感，嗯看过一些老电影脑子会放空。', '我喜欢小孩子。我可以跟他们玩一天都觉得不累，而且跟的小孩子你会觉得心情很好，跟他无忧无虑地陪着他玩。']"
t_87,"['Okay, here are the transcriptions of the three clips:\n\n**Clip 1:**\n\n嗯，记不清了，已经很久很久没有和别人争吵过了。\n大概是\n嗯\n可能是和我妈吵架吧。\n因为我\n嗯，不给她干活。\n\n**Clip 2:**\n\n嗯，还行吧，喜欢听话的小孩，不喜欢不听。\n\n**Clip 3:**\n\n嗯，上周二晚上踢球的。']","['记不清了，已经很久很久没有跟别人争吵过了。大概是，可能是和我妈吵架吧。因为我不给她干活。', '上周二晚上踢球的时候。', '嗯还行吧，喜欢听话的小孩，不喜欢不听话的小孩。']"
t_88,"[""Okay, here's the transcription of the three audio clips:\n\n**Clip 1:**\n\n上一次争吵是和女朋友争吵，原因是主要是一些细小的小事，但是之后我们就和好了。\n\n**Clip 2:**\n\n喜欢小孩子，因为小孩子代表着是童真，还有代表着新生，给予人希望。\n\n**Clip 3:**\n\n友好， 善良， 活泼开朗， 乐于学习。""]","['上一次争吵是和女朋友争吵。原因是因为一些很细小的小事儿，但是之后我们就和好了。', '友好，善良，活泼开朗，乐于学习。', '喜欢小孩子。因为小孩子代表着童真，代表着新生，给予人希望。']"
t_89,['不算争吵吧， 但是 可能自己会 有一些 不满的情绪在， 就在 微信群里面会 发文字 来表达自己的情绪。 嗯 我是觉得班长， 安排工作安排的不是很合理， 然后就表达了自己的意见。 真的不算争吵。 我本人 也不太会 太会。 以前不是很喜欢，觉得他们太闹腾了，然后又不能跟他们讲道理。 后来 这两年，因为有 接触过小孩子，所以觉得也还行，也挺喜欢的。感觉他们 还挺可爱。 嗯 也喜欢跟他们一起玩。 觉得他们的想法比 最近感到开心的事情， 就是昨天 去见了自己喜欢的小哥哥，看着他在篮球场上打篮球，还递了一瓶矿泉水给他，就很满足。'],"['也不算争吵吧，但是自己可能会有一些不满的情绪，就在微信群里会发文字来表达自己的情绪。我是觉得班长安排工作安排得不是很合理，就表达了自己的意见，就不算是争吵。我本人也不太会争吵。', '最近感到开心的事情就是去见了自己喜欢的小哥哥，看他在篮球场上打篮球还递了一瓶矿泉水给他，就很满足。', '以前不是很喜欢，觉得他们太闹腾了，也不能跟他们讲道理。后来，这两天因为有接触过小孩子，觉得也还行也挺喜欢的，也挺可爱，也喜欢跟他们一起玩。就他们的想法也比较单纯吧。']"
t_9,"['Okay, here are the transcriptions of the audio clips:\n\n**Clip 1:**\n我好像不怎么和别人吵架。 上一次和别人吵架可能还是因为跟我爸爸吵架吧。 我平时在宿舍的话是不会跟室友吵架的。 一般都是我气他们, 但是我 我不跟他们吵。 跟我爸爸吵架的话 我跟我爸已经吵习惯了, 觉得可能20岁了不会再吵架, 但 可能还是会吵, 但是就是吵完之后处理问题的方式可能会变得更成熟一点。 就是两个人都会向彼此道歉这样, 我觉得这个是我们两个的一个成长, 不仅是我, 我觉得是也是我爸的。\n\n**Clip 2:**\n我现在学的是园艺, 园艺的话 主要是对园艺植物进行一种栽培, 或者是对园艺植物的生理 要什么? 生理学, 对它生长发规律的一个研究, 选择这个专业是 其他专业不想选, 然后这个很亲奇。\n\n**Clip 3:**\n喜欢看雪, 喜欢 我们家楼下做烤冷面叔叔的烤冷面。 加肠加蛋不要辣。']","['我好像不怎么和别人吵架，上一次和别人吵架，可能还是因为跟我爸爸吵架吧。我平时在宿舍的话是不会跟舍友吵架的，一般都是我气他们，但是我不跟他们吵。跟我爸爸都吵架的话，我跟我爸已经吵习惯了，觉得可能二十岁了不会再吵架，但，可能还是会吵，但是就是吵完之后处理问题的方式可能会变得更成熟一点，就是两个人都会向彼此道歉，这样，我觉得这个是我们两个的一个成长，不仅是我，也是我爸的一个成长', '喜欢看雪，喜欢我们家楼下做烤冷面叔叔的烤冷面，加肠加蛋不要辣', '我现在学的是园艺，园艺的话，主要是对园艺植物进行一种栽培，或者是对园艺植物的生理，额，叫什么，生理学']"
t_90,"['好的，这是音频文件的文字记录：\n\n**Clip 1:**\n上一次争吵, 应该算是, 一周前吧, 也不算是争吵, 只能算争论。 就是关于, 为什么要否定别人, 怎么否定别人, 然后是不是需要有理有据的问题, 因为发现自己身边的室友越来越杠精。\n\n**Clip 2:**\n不喜欢小孩。 因为不喜欢又吵又闹不讲道理的人类, 也又在。 虽然说有人说那叫天真, 可是其实很多时候他们就是单纯的没有素质, 要智商底下。\n\n**Clip 3:**\n他的脾气很好, 会纵容我的很多东西, 我独断孤一任性的时候, 就是他都不会计较。']","['上一次争吵应该算是一周前吧。也不能算争吵只能算争论，就是关于为什么要否定别人、怎么否定别人，然后是不是需要有理有据的问题。因为发现自己身边的舍友越来越杠精。', '他的脾气很好，会纵容我的很多东西。我的故意任性的时候，就是他都不会计较。', '不喜欢小孩。因为不喜欢又吵又闹又不讲道理的人类幼崽。虽然有人说那叫天真，但其实很多时候他们就是单纯的没有素质智商低下。']"
t_91,"['Okay, here are the transcriptions of the three clips:\n\n*   **Clip 1:** 是上周是因为他想跟我解释什么事情, 反而我觉得都不需要解释。\n*   **Clip 2:** 我喜欢小孩子,因为我也是个妈妈。\n*   **Clip 3:** 喜欢家乡的青山绿水。']","['是上周。是因为他想跟我解释什么事情，反而我觉得不需要解释。', '喜欢家乡的青山绿水。', '我喜欢小孩子。因为我自己也是个妈妈。']"
t_93,"['Okay, here are the transcriptions of the three clips:\n\n*   **Clip 1:** 时间太久远了，我已经忘了。好像没有跟别人争吵过。 对啊，好像是没有跟人家吵架。\n*   **Clip 2:**  然后我很喜欢小孩子，喜欢的原因，人类不都喜欢幼体吗？\n*   **Clip 3:** 哎，我放松的时候最喜欢睡觉。因为睡觉让我开心。']","['时间太久远了，我已经忘啦。我好像没有跟人争吵过。对啊，我好像是没有跟人吵架。', '诶？我放松的时候最喜欢睡觉，因为睡觉使我开心。', '啊我很喜欢小孩子。喜欢的原因，人类不都喜欢幼体吗？']"
t_96,"['Okay, here are the transcriptions of the three audio clips:\n\n**Clip 1:**\n\n再到車站買票的時候,旁邊有一個老大了,他硬要說我插隊,他自己站在旁邊,他覺得我插了他的隊的。 就很離譜,然後整個人也特別神經質的。\n\n**Clip 2:**\n\n不太喜歡小孩子很鬧騰,你也沒法照顧小孩感受。\n\n**Clip 3:**\n\n氣候比較好。 空氣質量比較好,然後吃的東西比較符合口味。 然後像內種口味。']","['在高铁站买票的时候，旁边有个老大娘硬要说我插队，她自己站在旁边，她觉得我插了她的队的。就很离谱，然后整个人也是特别神经质的一个傻货。', '气候比较好，空气质量比较好，吃的东西比较符合口味，然后山地口味重口味点。', '不太喜欢小孩子。小孩子很闹腾，你也没有办法照顾他的感受。']"
t_97,['好的，这是音频文件的文本记录：\n\n**Clip 1:**\n嗯，最后悔的事情可能没有最后悔，人生不如意事有八九，但是心态放好就好了，就不会有后悔的事情了，坚定自己每一个选择都是对的。\n\n**Clip 2:**\n喜欢呀，因为觉得小孩子充满着朝气，然后自己的心态也会变年轻。\n\n**Clip 3:**\n放松的时候， 喜欢看书，因为觉得在书里面可以感受各种各样不同的人的人生，然后让自己的心情得到放松。'],"['嗯，最后悔的事情，没有最后悔的事情吧。人生不如意十有八九，心态放好就好啦，就不会有后悔的事情了。就坚定自己每一个选择都是对的。', '放松的时候喜欢看书。因为觉得在书里面可以感受各种不同的人生，然后让自己的心情得到放松。', '喜欢呀，因为觉得小孩子充满着朝气，然后自己的心态也会变年轻。']"
t_99,"['Okay, here is the transcription of the audio clips:\n\n**Clip 1:**\n\n就很久以前了吧，应该是大学本科的时候，可能和室友一次争吵吧。 因为他在我睡觉的时候抽烟，我我有点受不了。\n\n**Clip 2:**\n\n因为他们都很天真，很好玩。然后他们就是和他们一起玩的话，我也会挺开心的，但是熊孩子我就不太行。\n\n**Clip 3:**\n\n一边看，看电影一边打游戏。因为这样的话就可以就是比较放松嘛，也比较开心，可以缓解一下就是平常的工作的压力。']","['很久很久以前了吧。应该是大学本科的时候，可能和舍友一起争吵吧，因为他在我睡觉的时候抽烟，我有点受不了。', '一边看电影一边打游戏。因为这样比较放松嘛，比较开心，也可以缓解平常中工作的压力吧。', '喜欢小孩儿啊，因为他们都很天真很好玩，然后和他们一起玩的话我也会挺开心的，但是熊孩子的我就不太喜欢。']"
v_10,"['好的，這是轉錄的音檔內容：\n**Clip 1:**\n我呢目前在讀博士，我最近一次感到懊惱和不開心是在上個月，我做出來的實驗結果，嗯，很難從理論方面，很難對其進行理論上的解釋。所以那一段時間我很不開心，呃很很懊惱，很不開心。\n\n**Clip 2:**\n我個人的家庭組成是比較簡單的。我的家庭就包括我的父母以及我本人。嗯，但是呢，如果再往外擴大的說的話呢，我父母各自他們都有很多的兄弟姐妹。比如說我母親有兩個弟弟，我父親呢有上，有兩個姐姐，以及好幾個哥哥。所以說從家族的角度來說的話，這個家庭還是比較大的。\n\n**Clip 3:**\n我最好的朋友現在在中國地質大學讀博士。他呢比較活潑開朗,而且積極向上。同時呢非常的上進。平時跟他接觸的時候呢,我就覺得他非常的健談。呃他呢平時的學習中呢也很刻苦,閱讀了大量的論文,然後呢對於這個做科學研究來說吧,他呢也有很多自己獨到的見解。']","['我呢目前在读博士，我最近一次感到懊恼和不开心，是在上个月，我做出来的实验结果。嗯，很难从理论方面很难对其进行理论上的解释。所以那一段时间我很不开心。很。很懊恼很不开心。', '我最好的朋友现在在中国地质大学读博士，他比较活泼开朗，而且积极向上，同时非常的上进。平时跟他接触的时候我就觉得他非常的健谈，他平时的学习中也很靠谱，阅读了大量论文，然后对于做科学研究来说他也有很多自己独到的见解。', '我个人的家庭组成是比较简单的，我的家庭就包括我的父母以及我本人，但是如果再往外扩大的说的话，我父母各自他们都有很多的兄弟姐妹，你像我母亲有两个弟弟，我父亲有上有两个姐姐以及好几个哥哥。所以说从家族的角度来说的话，家庭还是比较大的。']"
v_103,"['Okay, here\'s the transcription of the audio clips:\n\n*   **Clip 1:** ""嗯，上次和人争吵，不记得了。 最近几天都没有人争吵过。""\n*   **Clip 2:** ""我的专业是软件工程。 选择这个原因是考研被调剂了。""\n*   **Clip 3:** ""最近没什么让我开心的事情。""']","['上一次和人争吵，不记得了。最近时间都没有与人争吵过。', '最近没什么让我开心的事情。', '专业是软件工程，选择这个原因是考研被调剂了。']"
v_104,"['Okay, here are the transcriptions of the three clips:\n\n**Clip 1:** 不是特别经常，睡得不舒服。\n\n**Clip 2:** 嗯，我的哥哥。\n\n**Clip 3:** 初中同学，他的情商很高。']","['不是特别经常。睡得不舒服。', '初中同学。他的情商很高。', '我的哥哥。']"
v_105,"['Okay, here are the transcriptions of the three audio clips:\n\n**Clip 1:** 最讨厌的是就是别人不经我同意乱放我东西。\n\n**Clip 2:** 玩游戏，看动画，然后看书。\n\n**Clip 3:** 听音乐，因为听音乐能让我感到放松，忘记一些烦恼的事。']","['最讨厌的事就是别人不经我同意乱翻我东西。', '听音乐，因为听音乐能让我感到放松，忘记一些烦恼的事。', '玩游戏，看动画，然后看书。']"
v_106,['好的，这是音频文件的转录： Clip 1: 我最讨厌那种比较 傲慢，然后没有礼貌啊 喜欢随便嘲讽别人 不顾他人感受的那些人。 Clip 2: 应该是高考吧，毕竟是改变人一生的大事。 Clip 3: 我喜欢和朋友一起玩游戏，因为这样的话， 大家一起玩聊聊天，挺热闹，挺开心的。'],"['我最讨厌那种比较傲慢，然后没有礼貌，喜欢随便嘲讽别人，不顾他人感受的那些人。', '我喜欢和朋友一起玩游戏，因为这样的话大家一起玩聊聊天，挺热闹挺开心的。', '应该是高考毕竟是改变人一生的大事。']"
v_11,"['Clip 1: 會和朋友們說一下吧,或者是一些沒有什麼一些比較小的讓我生氣的事,就一會就氣消了過去了。\nClip 2: 嗯,我不太喜歡小孩,因為小孩,如果是我的孩子的話,就會佔用我很多的精力去照顧他。\nClip 3: 剛才中午叫睡了兩小時,可開心了。']","['会和朋友们说一下，或者是一些没有什么一些比较小的让我生气的事，就一会就气消了过去了。', '刚才中午觉睡了两小时可开心了。', '我不太喜欢小孩，因为小孩如果是我的孩子的话，就会占用我很多的精力去照顾他。']"
v_12,['好的，这是音频文件的文字转录：\n\n**Clip 1:**\n\n嗯，最近一次情绪不好，还是因为工作场的事，因为一些个认为是， 不公平，不公正，或者是，不正确的占据了主导地位。\n\n**Clip 2:**\n\n喜欢小孩， 孩子们， 让人觉得 看，能看到， 真正的， 纯洁，善良和美好。\n\n**Clip 3:**\n\n放松的时候最喜欢闭着眼睛想一些个让自己高兴的事， 因为这样情绪会越来越好。'],"['最近一次情绪不好，还是因为工作上的事，因为一些个认为是不公平不公正，或者是不正确的占到了主导地位。', '放松的时候最喜欢闭着眼睛想一些个让自己高兴的事，因为这样情绪会越来越好。', '喜欢小孩，小孩子让人觉得看能看到真正的纯洁善良和美好。']"
v_13,['好的，这是音频文件的文字记录。\n\n**剪辑 1:**\n曾经有一份就是offer，很好很满意。 当时因为诸多原因，加上家里的意见，没有接这份offer。后面整个职业生涯规划完全朝另外一条。 是比较后悔。\n\n**剪辑 2:**\n不是很喜欢。我，我觉得我自己还是个小孩子。 然后，不是很耐心去带。\n\n**剪辑 3:**\n呃我的一个表姐，就是她整个人都很 积极向上，也很阳光开朗。 然后处事风格也很利落。 能给我带来，很多事情能给我带来很多很好的建议，不管是工作上还是。'],"['曾经有一份 offer很好很满意，当时因为种种原因加上家里的意见，后面整个职业生涯规划完全是朝另外一条是比较后悔的。', '我的一个表姐。他整个人都很积极向上，也很阳光开朗，然后处事风格也很利落，能给我带来很多事情给我带来很多很好的建议，不管是工作上还是生活上。', '不是很喜欢，我，我觉得我自己还是一个小孩，不是很有耐心去带小孩。']"
v_15,['好的，这是音频文件各个片段的文字稿：\n**Clip 1:**\n最近来说没有什么特别懊恼或者不开心的事情，如果说的话可能是刚刚步入职场。 在为人处世方面或者 怎么说就是在为人处事方面有些做得不是很到位。 然后自己的老师，自己的师傅说的时候感觉啊确实自己这方面做得 不是很好， 进而感觉到可能有一定的沮丧。 嗯\n\n**Clip 2:**\n我大学的专业是石油工程。 选择石油工程的原因呢，第一点，从自身来说，因为 生在油城长大，所以对这方面耳濡目染的 就有了一定的了解。 第二方面 是自身的成绩，导致当时可选择的大学不是很多。 在 这些大学里面 石油工程是该学校的比较好的一个专业。 所以我选择了石油工程这一专业。\n\n**Clip 3:**\n我放松的时候比较喜欢看一些直播。 这样的话，可以使自己的身心得到一定的放松。 嗯'],"['最近来说没有什么特别懊恼或者说不开心的事情，如果说的话可能是刚刚步入职场，在为人处事方面或者怎么说，就是在为人处事方面有些做的不是很到位。而后自己的老师自己的师傅说的时候感觉，哦，确实自己这方面做得不是很好，进而感觉到可能有一定的沮丧。', '我放松的时候比较喜欢看一些直播，这样的话可以使自己的身心得到一定的放松。', '我大学的专业是石油工程，选择石油工程的原因，第一点从自身来说，因为身在油城长大，所以对这方面耳濡目染的就有了一定的了解。第二方面是自身的成绩，导致当时可选的大学不是很多。在这些大学里面石油工程是该学校的比较好的一个专业，所以我选择了石油工程这一专业。']"
v_16,"['Clip 1: 偶尔失眠，失眠的时候就是有一点焦虑，然后就看手机，直到天亮。\n\nClip 2: 喜欢，因为感觉小孩子很可爱。然后 比较好玩。\n\nClip 3: 我最好的朋友是我的高中同学。 我们性格相合, 然后他比较性格开朗啊, 然后呢,相处来。']","['偶尔失眠，失眠的时候就是有一点焦虑，然后就看手机，直到天亮。', '我最好的朋友是我的高中同学，我们性格相合，然后他比较性格开朗，很能相处来。', '喜欢，因为感觉小孩子很可爱，然后比较好玩。']"
v_17,"['Okay, here are the transcriptions of the three audio clips:\n\n**Clip 1:**\n我從來不失眠, 我只要躺到床上想睡覺就可以睡著。\n\n**Clip 2:**\n我未來希望從事的工作是具有創造性的, 並且對人類有意義的 工作。 因為我認為這樣有創造性的工作能讓我時時刻刻保持熱情和動力。 讓我繼續創新, 並且我認為工作應該是對人類有意義的。 只有有意義了, 我們才能實現個人的價值。\n\n**Clip 3:**\n我上一次感覺到開心是幾天以前, 嗯,就是 我居家隔離七天之後, 我可以出門玩了, 所以我感覺覺得很開心。']","['我从来不失眠，我只要躺到床上想睡觉就可以睡着。', '我上一次感觉到开心是几天以前我居家隔离7天之后我可以出门玩了，所以我感觉到很开心。', '我未来希望从事的工作是具有创造性的，并且对人类有意义的工作。因为我认为这样有创造性的工作，能让我时时刻刻保持热情和动力，让我继续创新，并且我认为工作应该是对人类有意义的，只有有意义了，我们才能实现个人的价值。']"
v_18,"['Here are the transcriptions of the audio clips:\n\n**Clip 1:**\n""我 前 一段时间 我 的 自行车 被 偷 的 时候, 我 找 我 通过 监控 找到 那个 偷 我 自行车 的 人, 然后 和 他 的""\n\n**Clip 2:**\n""考完 在 大学 一年级 考完 高数 感觉 要 挂, 然后 当 成绩 下来 之后, 也 还 可以 的 时候, 可能 那个 过程 就 给 我 印象 最 深刻.""\n\n**Clip 3:**\n""今天 花费 了 大概 一个 小时 陪 女朋友 吃 火锅。 这个 可能 是 我 最近 最 开。""']","['前一段时间我自行车被偷的时候，我找我通过监控找到那个偷我自行车的人，然后和他的争吵。', '今天花费了大概一个小时陪女朋友吃火锅，这可能是我最近最开心的事。', '在大学一年级考完高数感觉要挂，然后当成绩下来之后，也还可以的时候，可能那个过程令我印象最深刻。']"
v_19,['好的，以下是音频的文字稿：\n**Clip 1:**\n呃，我是偶发失明，失明的时候应该是压力比较大，或者是想一些事情的时候，然后可能又是睡不着啊。然后嗯，可能会当时会起来之后，比如说看一个视频，或者是听会歌吧，然后，然后再进行再睡睡觉。\n\n**Clip 2:**\n我们家一口四个人，然后我有一个姐姐，她已经结婚了，然后呃，我一个，我的小外甥已经四岁了，然后爸妈都，呃，还在工作。\n\n**Clip 3:**\n我最近感到开心的事情是，前段时间和朋友一起去吃烤肉的时候，因为发现那个店应该是挺无意间的，然后并且它是自助的，然后并且对学生还挺便宜的，当时吃的是特别的开心。'],"['以后我是偶尔失眠的时候应该是压力比较大，或者是想一些事情的时候。然后。可能就是睡不着。然后可能会当时会起来之后，比如说看一个视频或者是听会歌，然后然后再进行再睡觉。', '我最近感到开心的事情是前段时间和朋友一起去吃烤肉的时候，因为发现那个店应该是挺无意间的，然后并且它是自助的，然后并且对学生还挺便宜的，当时吃的是特别的开心。', '我们家一口4个人，然后我有1个姐姐她已经结婚了，然后一个我的小外甥已经4岁了，然后爸妈都人还在工作。']"
v_2,['好的，这是音频文件的转录：\n\n*   **剪辑 1：**\n    生气的时候保持微笑就好了呀。有那么多情绪要干嘛？情绪是没有用处的东西。\n*   **剪辑 2：**\n    未来 考虑当个主播或者 职业教围棋什么的。因为这些有意思呀，而且其他的东西就比较麻烦。我是一个比较懒且肤浅的人。\n*   **剪辑 3：**\n    喜欢打游戏，因为 因为游戏可以带你体验另一个世界，而且它有意思呀。'],"['生气的时候保持微笑就好了。有那么多情绪要干嘛？情绪是没有用处的东西。', '喜欢打游戏，因为因为游戏可以带你体验另一个世界，而且还有意思。', '未来的话可以考虑当个主播或者职业教围棋什么的。因为这些有意思呀，而且其他的东西就比较麻烦。我是一个比较懒且佛系的人。']"
v_20,"['Okay, here are the transcriptions of the audio clips:\n\n**Clip 1:**\n呃，有时候会失眠。 嗯，就是压力比较大的时候会晚上就一直睡不着觉嘛。 然后第二天早上就会比较，就是比较难受，就整个人都浑身都比较难受。\n\n**Clip 2:**\n呃，喜欢，因为有的时候会觉得小孩子会比较好玩。\n\n**Clip 3:**\n嗯，最喜欢我们家的吃的。']","['嗯，有时候会失眠，嗯，就是压力比较大的时候会晚上就一直睡不着觉，然后第二天早上就会比就是比较难受，就整个人都浑身都比较难受。', '最喜欢。我们家的吃的。', '喜欢，因为有时候会觉得小孩子会比较好玩。']"
v_21,"['Okay, here are the transcriptions of the three audio clips:\n\n*   **Clip 1:** 讨厌那种没有意义的社交\n*   **Clip 2:** 嗯我有三个姐姐。然后还有爸爸妈妈这样我们一共六个。\n*   **Clip 3:** 最近快回家过年了，比较开心。']","['讨厌那种。没有意义的社交。', '最近快回家过年了，比较开心。', '我有三个姐姐，然后还有爸爸、妈妈，加上我，我们一共是六个人。']"
v_22,['好的，這是音檔的逐字稿：\n**Clip 1:**\n\n最後悔的事情有些是，嗯，當時沒有意識到的，有些是意識到但做了錯誤決策的。 至於最後悔的事情，覺得當時往前看，嗯，包括15年高考報志願，還有18年推免的時候，太輕馬成功了。 嗯，當時甚至出期跑下連營，找面試，連筆記本都不帶的，覺得有些迎頭亂撞的感覺，覺得當時，嗯，如果是換一種態度，和心態，而認真的去了解和準備的話，覺得會有一個更符合預期的更切實的結果，然後，嗯，現在的路，因為每一段路，每去到一個地方，那個地方的風氣、習慣都會形成隱喻。 嗯，所以往往試用視角的路其實也預示了自己將來的路，嗯，我覺得當時是沒有認真考慮過了，總覺得這一階段走完了就結束了，嗯，也難以想像出一個清晰的計劃這樣子。\n\n**Clip 2:**\n\n未來希望到互聯網公司做後台開發。也就是做程序員。\n嗯，現在希望能有更高的工資來解決一些經濟和階級問題。然後，又是互聯網紅利還沒有過去，去年比前年還有倒掛的這樣一個現象，然後，如果是從事科研的話，希望去國外讀個博士，但是現在一方面，嗯，海外博士就業的處境沒有前些年那麼好。然後又有疫情之類種種原因，太好的學校又比較難深。嗯，相比之下覺得以後要在國內工作的話還是，嗯，趁早找到一個工作崗位。嗯，抓住一些切實的東西。\n\n**Clip 3:**\n\n上一次開心大概是之前投的論文中的時候，然後因為投論文的過程也經歷了一波三折，反复的修改。 嗯。 最後也是經過一次修改寫reply letter，然後最後論文被接受，感覺也達到了碩士的畢業要求。 嗯， 基本上是按照自己入學時的預期，然後來 一步步的 完成了論文這項工作。'],"['最后悔的事情，有些是。当时没有意识到的，有些是意识到，但做了错误决策的。至于最后悔的事情，觉得当时往前看。嗯，包括15年高考报志愿，还有18年推免的时候，太天马行空了，当时甚至出去跑佳联营，找面试，连笔记本都不带对吧？觉得有些晕头乱撞的感觉，觉得当时如果是换一种态度和心态而认真的去了解和准备的话，觉得会有一个更符合预期的更切实的结果。然后现在的路，因为每一段路每去到一个地方，那个地方的风气习惯都会形成隐喻。所以往往使用是记录（这段我也没听清是三个什么字），其实也预示了自己将来的路。我觉得当时是没有认真考虑过了，总觉得这阶段走完了就结束了。也难以想象出一个清晰的计划。这样子。', '上一次开心大概是之前投的论文中了的时候，然后因为讨论的过程也经历了一波三折，反复的修改，最后也是经过一次修改，写reply letter，然后最后论文被接收。感觉也达到了硕士的毕业要求。基本上是按照自己入学时的预期，然后来一步步的完成了论文这项工作。', '未来希望到互联网公司做后台开发，也就是做程序员。现在希望能有更高的工资来解决一些经济和阶级问题。然后互联网红利还没有过去，去年比前年还有倒挂的这样一个现象，然后如果是从事科研的话，希望去国外读个博士，但是现在这一方面。海外博士就业的处境没有前几年那么好，然后又有疫情之类种种原因，太好的学校又比较难申。相比之下觉得以后要在国内工作的话还是。趁早找到一个工作岗位，抓住一些切实的东西。']"
v_23,"[""Okay, here are the transcriptions of the three audio clips:\n\n*   **Clip 1:** 听不清了。 (tīng bù qīng le.)\n*   **Clip 2:** 喜欢，因为他们会很可爱。(xǐhuan, yīnwèi tāmen huì hěn kě'ài.)\n*   **Clip 3:** 玩儿游戏，这会让我更快乐。(wánr yóuxì, zhè huì ràng wǒ gèng kuàilè.)""]","['记不清了。', '玩儿游戏。这会让我更快乐。', '喜欢，因为他们会很可爱。']"
v_24,"['Okay, here are the transcriptions of the three audio clips:\n\n**Clip 1:**\n\n""嗯, 如果一开始能耐住麻烦, 去认真调研很多事情的话, 可能我就会做出一些更明智的选择吧。 嗯, 一开始不耐烦, 所以可能是 我最后悔最想改的事情。""\n\n**Clip 2:**\n\n""嗯, 我想 当一名软件工程师。 首先是因为大学学的就是这个专业, 嗯, 不想让这四年荒废了。 然后其次是因为毕竟这个行业就业前景也不错, 然后薪资待遇的什么的也很好。 然后 嗯,第三点是, 我觉得 这个东西可以趁着年轻的时候拼一把。 也挺有挑战性的。""\n\n**Clip 3:**\n\n""嗯,我最喜欢家乡 有一个地方的风景。 啊,那边你会看到一条河,然后河的对岸就是连绵起伏的群山。 嗯,然后你站在那里看那个群山的时候,你会感觉到 大概是一种辽阔和平静吧。""']","['嗯。如果一开始能耐住麻烦，去认真调研很多事情的话，可能我就会做出一些更明智的选择。嗯，一开始不耐烦做，可能是我最后会最想改的事情。', '我最喜欢家乡有一个地方的风景，那边你会看到一条河，然后河的对岸就是连绵起伏的群山，然后你站在那里看群山的时候，你会感觉到大概是一种辽阔和平静。', '我想当一名软件工程师，首先是因为大学学的就是这个专业，不想让这4年荒废了。然后其次是因为毕竟这个行业就业前景也不错，然后薪资待遇的什么的也很好。然后。第三点是我觉得这个东西可以趁着年轻的时候拼一把，也挺有挑战性的。']"
v_25,['好的，以下是音訊檔案的逐字稿：\n\n**Clip 1:**\n欸，沒有，我我忘記了。疫情太久沒見人了。\n\n**Clip 2:**\n啊都博都博，都博挺好的。 測試測試。 進行測試。 測試測試，進行測試。 啊，嗯。\n\n**Clip 3:**\nThink about the person who has a positive impact on your life. How have he or she influence on you?'],"['没有忘记了。疫情太久没见人。', '测试测试，进行测试。测试测试，进行测试。Talk about the person who has a positive impact on your life. How has he or she influence on you?', '读博、读博挺好的。']"
v_27,"['Okay, here are the transcriptions of the three clips:\n\n**Clip 1:**\n\n偶尔会失眠,不是经常失眠,就是有一段时间会连续几天失眠,那那一段时间呃,就感觉躺着,虽然大 脑放空,呃,身体也放轻松了,但是就是没有办法入眠。\n\n**Clip 2:**\n\n一个人独处的时候,经常发呆,然后大部分时间是在发呆,然后少部分时间会刷刷手机呀,啥的。打发时间。\n\n**Clip 3:**\n\n呃,最喜欢家乡的食物,就是一些比较有风味的小吃。 上大学以后在上海就好像没有找到就是类似于家乡的小吃。']","['偶尔会失眠，不是经常失眠，就是有一段时间会连续几天失眠的那一段时间，就感觉躺着虽然大脑放空，额身体也放轻松了，但是就是没有办法入眠。', '最喜欢家乡。的食物，一些比较有风味的小吃。上大学以后在上海这边好像没有找到类似于家乡的小吃。', '一个人独处的时候经常发呆，然后大部分时间是在发呆，然后少部分时间会刷刷手机啥的，打发时间。']"
v_28,"['Okay, here are the transcriptions of the audio clips:\n\n*   **Clip 1:** 读本科的时候没有好好学习，挺后悔的。\n\n*   **Clip 2:** 我将来希望能做一名科研人员。\n\n*   **Clip 3:** 最近拿到了PhD的offer，很开心。']","['本科的时候没有好。好好学习挺后悔的。', '最近拿到了PHD的offer很开心。', '我将来希望能做一名科研人员。']"
v_29,['好的，这是音频文件的转录：\n\n**Clip 1:**\n“嗯，想一些开心的事情， 或者用一些其他事情来打断自己的分心， 大概就是这样。 来让自己很快的心情不再去想这些事情，然后呢或者 去想一些对策。”\n\n**Clip 2:**\n“一些科学家或者研究人员嘛，也就是我从小的一个梦想，小时候就说自己想当科学家。 然后就像一个种子一样，后面慢慢影响你的行为，影响你做出选择。  好久一路走到这里了。”\n\n**Clip 3:**\n“嗯，我爸爸吧，他 根据他的日常行为影响到我。 他的教育，他让我自由的成长。 然后呢， 没有给我太多压力。 然后他的一些行为，他做事这些风格也会影响到我。”'],"['想一些开心的事情，或者用一些其他事情来分来打断自己的分心，大概就是这样。来让自己分心就不再去想这些事情，然后或者去想一些对策。', '嗯……，我爸爸吧。他根据他的日常行为影响的我。他的教育才让我自由的成长。然后没有给我太多压力，然后他的一些行为，他做事的一些风格也会影响到我。', '科学家或者研究人员，也就是我从小的梦想，小时候就说自己想当科学家，然后就像一根轴子一样，在后面慢慢影响你的行为，影响你做出选择，我就一路走到这里来了。']"
v_30,"['Sure, here are the transcriptions of the audio clips you provided:\n\n**Clip 1:**\n\n呃,最后悔的事情应该是 小学的时候没有保护好眼睛吧, 然后, 所以导致在小学时候很早就近视了, 然后现在眼睛度数也比较高。\n\n**Clip 2:**\n\n呃我的专业是软件工程。 其实选择了这个专业比较阴差阳错, 当时 考研的时候报考的是自己本科的本专业自动化, 然后因为考研分数差了一点, 然后就调剂到了软件学院, 来到软件工程专业。\n\n**Clip 3:**\n\n呃昨天晚上吃完饭的时候, 感觉晚饭很好吃, 所以很开心。']","['最后悔的事情应该是小学的时候没有保护好眼睛，然后所以导致在小学时候很早就近视了，然后现在眼睛度数也比较高。', '昨天晚上吃晚饭的时候，感觉晚饭很好吃，所以很开心。', '我的专业是软件工程，其实选择这个专业比较阴差阳错，当时考研的时候报考的是自己本科的本专业自动化，然后因为考研分数差了一点，然后就调剂到了软件学院来到软件工程专业。']"
v_31,['好的，以下是音频文件的转录： 片段1： 嗯，记不太清楚上次与别人争吵是什么时候，因为很少与别人争吵。 片段2： 我的专业是计算机科学与技术，选择它的原因一是自己比较感兴趣，二是 嗯它的 就业形势也比较好。 片段3： 我放松的时候最喜欢看B站的视频，因为比较有意思。'],"['记不太清上次与别人争吵是什么时候，因为很少与别人争吵。', '我放松的时候最喜欢看b站的视频，因为比较有意思。', '我的专业是计算机科学与技术，选择它的原因，一是自己比较感兴趣，二是它的就业形势也比较好。']"
v_32,['好的，这是音频文件的文字记录：\nClip 1:\n上一次的话可能就是期末考试，有一些科目拿到的成绩并不是非常符合自己的心理预期。嗯，因为觉得自己，自己可能付出的努力，没有得到想象中的回报，所以会觉得比较不开心。\nClip 2:\n如果是休息的话，可能会刷一刷微博，浏览一些新闻资讯這樣子，然后如果是在学习的话，那就是專注于当时正在想要学习学习的一些东西吧。\nClip 3:\n嗯，通过了驾考科目三的考试。'],"['上一次的话可能就是期末考试，有一些科目拿到的成绩并不是非常符合自己的心理预期，因为觉得自己的自己可能付出的努力没有得到想象中的回报，所以会觉得比较不开心。', '通过了驾照，考驾照科目三的考试。', '如果是休息的话，可能会刷一刷微博，浏览一些新闻资讯这样子，然后如果是在学习的话，那专注于当时正在想要学习的一些东西。']"
v_36,"['Okay, here are the transcriptions of the audio clips:\n\n**Clip 1:**\n\n失眠的话，不经常吧，有的时候，可能在想一些东西，在想，想今天没做完的，要做的，需要做的事情，可能就，会一个小时，两个小时睡不着，有的时候会。 小孩子的话，就是特别小的，嗯，还是比较喜欢的，但是如果大一点的话，都特别皮，就不太喜欢了。\n\n**Clip 2:**\n\n我最好的朋友，应该是高中得一个室友吧。平时生活都再一起，然后 呃，学习上也会互相帮助。 然后兴趣爱好，基本上大多都是一致。 比如说运动啊，玩的东西啊。 之类的。\n\n**Clip 3:**\n呃']","['失眠的话不经常，有的时候，比如可能在想一些东西在想，像今天没做完的要做的需要做的东西可能就对一个小时两个小时睡不着，有的时候会。', '我最好的朋友应该是高中的一个室友，平时生活都在一起。然后。学习上也是互相帮助。兴趣爱好。大多都是一致的，或者运动玩的东西之类的。', '小孩子的话都是特别小的，还是比较喜欢的。但是如果大一点的话都特别皮，就不太喜欢了。']"
v_37,"['Here are the transcriptions of the audio clips:\n\n*   **Clip 1:** 我沒有和別人爭吵過。 (Wǒ méiyǒu hé biéren zhēngchǎo guò.) - I have never argued with anyone.\n*   **Clip 2:** 爸爸媽媽, 弟弟, 老公, 兒子, 公公, 婆婆。 (Bàba māmā, dìdì, lǎogōng, érzi, gōnggōng, pópo.) - Father, mother, younger brother, husband, son, father-in-law, mother-in-law.\n*   **Clip 3:** 是的。(Shì de.) - Yes.']","['我没有和别人争吵过。', '吃的。', '爸爸妈妈，弟弟。老公，儿子，公公婆婆。']"
v_39,"[""Okay, here's the transcription of the audio clips:\n\n**Clip 1:**\n\n就 不想 知道了。 为什么 你说。\n\n**Clip 2:**\n\n就 为什么 特别的 感觉\n\n**Clip 3:**\n\n就 诶 为什么觉得 特别觉得高兴。""]","['其他的就觉得。为什么？', '就，没，没什么觉得特别高兴的。', '就没什么特别的感觉。']"
v_4,['好的，这里是音频文件的转录：\n\n*   **Clip 1:** 最近一次不开心啊，应该是，嗯，不被别人理解吧。觉得自己辛辛苦苦，结果被误解了，就很生气。\n\n*   **Clip 2:** 我不太喜欢小朋友，因为他们太吵了。\n\n*   **Clip 3:** 最近感到开心的事情就是发了年终奖。'],"['最近一次不开心，应该是不被别人理解吧，觉得自己辛辛苦苦结果被误解了，就很生气。', '最近感到开心的事情就是发了年终奖。', '我不太喜欢小朋友，因为他们太吵了。']"
v_41,"['Okay, here are the transcriptions of the audio clips:\n\n*   **Clip 1:** 嗯,簡單來說就是,最最簡單的方法就是轉移情緒,然後去做一些別的事情,但一定不能讓自己爆發。\n*   **Clip 2:** 靠自己的愛好或者特長,來掙錢,來工作。\n*   **Clip 3:** 上週五公司開年會,然後大家一起看節目。']","['简单来说就是，最简单的方法就是转移情绪，然后去做一些别的事情，但一定不能让自己爆发。', '上周五公司开年会，然后大家一起看节目。', '靠自己的爱好或者特长来挣钱来工作。']"
v_42,"['Okay, here are the transcriptions of the three clips:\n\n*   **Clip 1:** 大概是半个月前吧，并非是争吵，这都是只是争论而已，就是讲到了一个关于，男女平权的一个问题，然后发生了一些争论，因为没有争吵。大概是这样。\n\n*   **Clip 2:** 一个人独处，如果有学习工作的任务就做这些正常的事情，如果没有学习就是单纯放松的时间的话，会看一些视频，打会儿游戏，或者看一点书，听会儿歌。\n\n*   **Clip 3:** 给给我带来正面影响的人是我的恋人，然后他会在我产生退却，迷惘这些相对负面情绪的时候，给我一些正面的鼓励，然后，对我的平时这个生活上各种各个方面，他都会有很多方面的帮助。']","['大概是半个月前，并非是争吵，这都是只是争论而已，就是讲到了一个关于男女平权的一个问题，然后发生了一些争论，因为没有争吵，大概是这样。', '给我带来正面影响的人是我的恋人，然后他会在我产生退却迷惘这些相对负面情绪的时候，给我一些正面的鼓励。然后对我的平时生活上各种，各种方面他都会有很多方面的帮助。', '一个人独处，如果有学习工作的任务就做这些正常的事情，如果没有学习就是单纯放松的时间的话，会看一些视频，打会游戏，或者看一点书，听一会歌。']"
v_43,['好的，这是音频文件的转录：\n\n*   **Clip 1:** “我不记得上次和别人争吵是什么时候了，因为我印象中没有和别人争吵过。”\n\n*   **Clip 2:** “我非常喜欢小孩，因为小孩非常可爱，可以给我带来很多的欢乐。”\n\n*   **Clip 3:** “我喜欢在家看书画画，或者出去湖边逛一逛，因为这样可以让我更加的放松，更加的开心。”'],"['我不记得上次和别人争吵是什么时候了，因为我印象中没有和别人争吵过。', '补充。我喜欢在家看书、画画或者出去湖边逛一逛，因为这样可以让我更加的放松，更加的开心。', '我非常喜欢小孩，因为小孩非常可爱，可以给我带来很多的欢乐。']"
v_45,"['Okay, here are the transcriptions of the three audio clips:\n\n**Clip 1:**\n\n我一般不会失眠，失眠的时候就是感觉比较清醒。\n\n**Clip 2:**\n\n我的母亲是一位教师，她在 一 所中学工作，然后她在她工作的中学，因为不是特别好，然后学生会比较叛逆，然后也工作也比较辛苦，导致我 高考的时候首先排除 出了师范类的院校。\n\n**Clip 3:**\n\nUm I think I like about my hometown in that the lifestyle is quite slow here. Um compared to Shanghai where I go to university. It it is pretty relaxful and comfortable for me.']","['我一般不会失眠，失眠的时候，就是感觉比较清醒。', 'I think I like about my hometown in that the lifestyle is quite slow here compared to Shanghai where I go to university. It it is pretty relaxable and comfort comfort for me.', '我的母亲是一位教师，她在做中学工作，然后他，在他工作的中学，因为不是特别好，然后学生会比较叛逆，然后也工作也比较辛苦，导致我高考的时候首先排除了师范类的院校。']"
v_47,"['Okay, here are the transcriptions of the three clips:\n\n**Clip 1:**\n\n呃，我幾乎不失眠。 晚上基本上能倒頭就睡。\n\n**Clip 2:**\n\n我大學的專業是軟件工程。 一方面軟件工程作為一門新星的學科,在這樣一個時代有比較好的一個發展前景和發展方向。 第二個方面呢是 在這在這樣一個時代當中軟件工程呢適用範圍更加廣泛,能在各個方面 各個行業當中得到應用。 第三個方面呢是隨著技術的發展, 人們對於軟件的需要呢也會越來越多。 顧而呢學習軟件工程這麼專業呢能夠更加符合這樣一個時代的規律。\n\n**Clip 3:**\n\n我放鬆的時候最喜歡看各類的體育賽事。 這樣能讓我完全進入一個全新的這種環境, 不用考慮現實場景下的各種問題, 並且能夠享受整個觀看的過程,能把自己 全身心的帶入到這樣一個場景當中。']","['我几乎不失眠，晚上基本上能倒头就睡', '我放松的时候最喜欢看各类的体育赛事，这样让我完全进入一个全新的这种环境，不用考虑现实场景下的各种问题，并且能够享受整个观看的过程，能把自己全身心的带入到这样一个场景当中。', '我大学的专业是软件工程，一方面软件工程作为一门新兴的学科，在这样一个时代有比较好的一个发展前景和发展方向。第二个方面是在这在这样一个时代当中，软件工程适用范围更加广泛，你在各个方面各个行业当中得到应用。第三个方面是随着技术的发展，人们对于软件的需要也会越来越多，学习软件工程这个专业能够符更加符合这样一个时代的规律。']"
v_48,"['Okay, here are the transcriptions of the three audio clips:\n\n*   **Clip 1:** ""我生气的时候，通常就是表情会比较沉闷，然后不怎么说话，等过一段时间，慢慢地消化掉这个情绪。""\n*   **Clip 2:** ""我妈妈她长得很漂亮，然后她的能力也很强，对我也非常好。""\n*   **Clip 3:** ""昨天下午配了两副比较满意的新眼镜，就比较开心。""']","['我生气的时候通常就是表情会比较沉闷，然后不怎么说话，等过一段时间慢慢的消化掉这个情绪。', '昨天下午配了两副比较满意的新眼镜，就比较开心。', '我妈妈她长得很漂亮，然后她的能力也很强。对我也非常好。']"
v_49,['好的，这是音频文件的转录：\n**Clip 1:**\n我有没有太多后悔的事情吗？如果非要说后悔的话， 就是 应该在20来岁的时候处理事情更成熟稳重一些。\n\n**Clip 2:**\n嗯科研工作者，从是科研的话会有些创新性的东西，而且 个人的习惯，行为习惯上比较不太喜欢太多约束。\n**Clip 3:**\n假社工，他是 一个非常优秀的一个朋友，然后 我這樣子，通过他的做事的方式方法，這樣子。 他影响我，这个是德鲁克，德鲁克他的书影响了我。'],"['没有太多后悔的事情。如果非要说后悔的话，就是应该在20来岁的时候处理事情更成熟稳重一些。', 'positive_49.wav\n他是一个非常优秀的朋友。然后我这样子通过他的做事的方式方法这样子看一下。这个是德鲁克，德鲁克他的书影响了我。', '科研工作者从事科研的话会有些创造性的东西，而且个人的习惯行为习惯上比较一下，不太喜欢太多约束。']"
v_5,['好的，这是三个音频片段的文字稿：\n\n**Clip 1:**\n我几乎不会失眠，但在失眠时，会从绝望变成暴躁。\n\n**Clip 2:**\n除去一些无意义的消遣之外，我会尝试去学习一些，我甚至可能用不到的知识。\n\n**Clip 3:**\n在放松的时候，我最喜欢想象一些我可能可以实现，但可能永远不会去实现的一些设计。主要是因为这些想法会突然之间出现在我的脑海中。'],"['我几乎不会失眠，但在失眠时会从绝望变成暴躁。', '在放松的时候我最喜欢想象一些我可能可以实现，但可能永远不会去实现的一些设计。主要是因为这些想法会突然之间出现在我的脑海中。', '除去一些无意义的消遣之外，我会尝试去学习一些我甚至可能用不到的知识。']"
v_51,"['Okay, here are the transcriptions of the three clips:\n\n*   **Clip 1:** 昨天，因為遇到無理取鬧的人。\n*   **Clip 2:** 喜歡 因為很可愛。\n*   **Clip 3:** 美食。']","['昨天因为遇到无理取闹的人。', '美食。', '喜欢。因为很可爱。']"
v_52,"['Okay, here are the transcriptions of the three audio clips you provided:\n\n*   **Clip 1:** 啊，我不怎么失眠。 有的时候可能有心事的话会晚一点睡着，但是基本上都是不会失眠。\n\n*   **Clip 2:** 未来现在来说就是当一个算法工程师。原因嘛就是这份工作的话,跟我之前在做的事情也比较一样，一致。然后呢，也比较熟悉，另外呢，它的收入上面呢也比较优比较丰厚，能够支持我在这个上海继续生活下去。\n\n*   **Clip 3:** 最近开心的事情，最近放假了，然后 好不容易能够回到家， 过最后一个寒假，然后就还蛮开心的，就這樣子。']","['我不怎么失眠，有的时候可能有心事的话会晚一点睡着，但是基本上都是不会失眠。', '最近开心的事情最近放假了，然后好不容易能够回到家，过最后一个寒假，然后就会很开心的这样子。', '未来现在来说就是当一个算法工程师，原因就是这份工作的话跟我之前在做的事情也比较一样一致。然后也比较熟悉，另外他的收入上面也比较优比较丰厚，能够支持我在上海继续生活下去。']"
v_53,"['Okay, here are the transcriptions of the three audio clips:\n\n**Clip 1:** \n“昨天晚上因為啊沒有有人沒有信守承諾。”\n\n**Clip 2:** \n“計算機科學，因為比較實用。”\n\n**Clip 3:** \n“搬了新家”']","['昨天晚上因为没有有人没有信守承诺。', '搬了新家。', '计算机科学。因为比较实用。']"
v_55,['当然。这是音频文件的文字稿。\n**音频 1:**\n最近一次不开心，就是 嗯 某门课的成绩 比较不理想吧。 啊期末考试。 不过 嗯这种不开心也过得蛮快的。 只不过， 可能 在过去我 感觉自己受到了不少的一些 小的挫折，或者说不顺利吧。所以 现在对于这些事情甚至有那么一点点 麻木的 感觉 有的时候会感觉自己像加缪笔下的默尔索一样那种 麻木的感觉。\n\n**音频 2:**\n我还是挺喜欢小朋友的，主要的原因是 呃 比较喜欢他们那种单纯的状态，虽然我们知道小孩子的单纯并不是他们在看到了成人世界的一些复杂以后， 自己选择去保持的一种单纯，而是一种天生天生的单纯，但仍然值得 甚至有一种敬佩的感觉吧，就像尼采说的 呃 骆驼狮子婴儿这样的一种状态，我觉得小孩子的那种状态 终究是一种理想的 情况，也是令很多成年人可能会 每每去回想去向往的一种状态。\n\n**音频 3:**\n上一次比较开心应该就是 考完期末考试，呃放假的那天晚上吧。 呃就是因为考完了就比较轻松嘛，不过这种快乐还是比较短暂的。  呃 在放假的第二天就可能要 呃想一想期末考试的情况啊，或者说规划一下将来的事情。'],"['最近一次不开心就是，某门课的成绩比较不理想吧，期末考试，不过这种不开心也过得蛮快的，只不过可能在过去我感觉自己受到了不少的一些小的挫折或者说不顺利，所以现在对于这些事情甚至有一那么一点点麻木的感觉，有的时候会感觉自己像加缪笔下的穆尔索一样那种麻木的感觉。', '上一次比较开心应该就是考完期末考试，放假的那天晚上吧。就是因为考完了就比较轻松嘛，不过这种快乐还是比较短暂的。在放假的第二天就可能要想一想期末考试的情况，或者说规划一下将来的事情。', '我还是挺喜欢小朋友的，主要的原因是比较喜欢他们那种单纯的状态。虽然我们知道小孩子的单纯并不是他们在看到了成人世界的一些复杂以后，自己选择去保持的一种单纯，而是一种天生天生的单纯，但仍然值得甚至有一种敬佩的感觉，就像尼采说的，骆驼、狮子、婴儿这样的一种状态，我觉得小孩子的那种状态终究是一种理想的情况，也是令很多成年人可能会每每去回想去向往的一种状态。']"
v_56,['Clip 1: 上一次和别人争吵，啊，就是最近，可能是两个人，啊，对于一件事，啊，一件事物它的一个，啊，价值取向，啊，并不是很一致。 所以每个人都认为自己，啊，所认为的那个结果，是正确的。啊，我们就会因此啊进行争论。\nClip 2: 啊，我在一个人的时候，可能会，啊，刷刷剧，因为我觉得因为一部剧的时间也挺长的，啊，能够比较好的去打磨时间。\nClip 3: 最近去了一次迪士尼，我觉得迪士尼是地球上最快乐的地方。所以我觉得这也是我最近比较快乐的一次啊经历，或者说是活动。'],"['上一次和别人争吵，就是最近啊可能是两个人对于一一件事物它的一个价值观取向并不是很一致，所以每个人都认为自己所认为的结果是正确的，我们就会因此进行争论。', '最近去了一次迪士尼，我觉得迪士尼是地球上最快乐的地方，所以我觉得这也是我最近比较快乐的一次经历或者说是活动。', '我在一个人的时候可能会刷刷剧，因为我觉得因为一部剧的时间也挺长的，能够比较好的去打磨时间。']"
v_57,['好的，这是音频文件的文字转录：\n\n**Clip 1:**\n印象比较深刻的后悔有，主要大学期间吧，感觉时间，掌握的不是很好，很多时间都浪费掉了，也没也没做一些事情。\n\n**Clip 2:**\n我不是很喜欢小孩，因为我觉得，他们有点不讲道理，分不清对错，然后个人主观意识太强了，很难考虑到别人，所以说经常会让让人感到吵闹。\n\n**Clip 3:**\n最近和同学一起吃饭聊天时很开心。'],"['印象比较深刻的后悔有主要大学期间感觉时间掌握的不是很好，很多时间都浪费掉了，因为因为（确实发音不太标准）做一些事情。', '最近和同学一起吃饭，聊天的时候很开心。', '我不是很喜欢小孩，因为我感觉他们有点不讲道理，分不清对错，然后个人主观意识太强了，很难考虑到别人，所以说经常会让人感到吵闹。']"
v_58,['好的，这是音频文件的文字转录：\n\n**Clip 1:**\n最讨厌的人倒是没有一个具体讨厌的对象，但是 我朋友跟我形容过，就是那种，呃 在两个人的 一段关系里面 自己把自己当成一个那种 自我 自我感动式的自我奉献的角色，就 自己觉得自己是在为别人好，在为别人考虑， 但实际上 只是在给别人带来压力而已，这种这种人或者这种类似的事情和关系，我是非常讨厌。\n\n**Clip 2:**\n呃， 之前一段时间还挺喜欢小孩子的，因为感觉小孩子很可爱，很亲切，然后跟他们，就看着他们玩就觉得 嗯，很很可爱吧，然后但是现在呢， 就可能是因为在网上也看到了一些 呃， 熊孩子的世纪吧，然后也就 越来越感觉，就小孩子 就就很烦，就是只有别人的小孩子是很可爱的，然后如果真的想像他们在自己身边的话， 我就会觉得很烦人，就那么喜欢小孩了。\n\n**Clip 3:**\n呃上次感到最开心或者激动的时候是因为游戏的抽卡，感觉自己难得的欧了一次，就 就很高兴，对。'],"['最讨厌的人倒是没有一个具体讨厌的对象，但是我朋友跟我形容过就是那种在两个人的一段关系里面，自己把自己当成一个那种自我感动式的自我奉献的角色，就自己觉得自己是在为别人好，在为别人考虑。但实际上只是在给别人带来压力而已，这种人或者这种类似的事情和关系，我是非常讨厌。', '上次感到最开心或者激动的时候，是因为游戏的抽卡，感觉自己难得的欧了一次，就，就很高兴，对。', '之前一段时间还挺喜欢小孩子的，因为感觉小孩子很可爱很亲切，然后跟他们就看着他们玩，就觉得emmm，很，很可爱，然后但是现在就可能是因为在网上也看到了一些熊孩子的事迹，然后也就越来越感觉就小孩子就很烦，只有别人的小孩子是很可爱的，然后如果真的想象他们在自己身边的话，就会觉得很烦人，就没有那么喜欢小孩了。']"
v_61,['好的，这是音频文件的文本转录：\n\n**Clip 1:**\n正吵，我到其实，特别认真的争吵，可能还是在工作的时候，就是因为大家会在工作的时候，意见上会有一些不一致，然后，再一个是可能大家都比较急着有进度，所以互相都push的比较厉害，搞得大家其实心态都不太好，然后很容易就吵起来了。\n\n**Clip 2:**\n啊，我的家庭成员我有一个爸，一个妈，，还有一个姐，我姐是我亲姐，比我大12岁，然后我姐，现在，我现在就住在我姐夫家，因为最近疫情搞的，就是我爸妈正好我姐过来带孩子，然后过年我们应该就在上海过了。嗯，我姐现在和我姐夫两个人有一个孩子，啊，叫舅舅，就是我外甥，特别可爱， 虽然有时候特别调皮，让我想打他一顿，然后，对，就这样。\n\n**Clip 3:**\n啊，说到最近比较开心的事情啊，就是我这个平时不是在实习吗，白天都工作，很累，然后最近呢，就晚上会和我的朋友，然后我的家里一些人，晚上一起打打游戏，然后可能每天9点多开始，10点多开始，然后周末白天也能打一会儿。唉，就觉得，哎呀，在这种，在这种沉重的工作压力的压迫之下，游戏显得格外好玩，然后每次玩的时候感觉特别好。'],"['争吵，我倒其实特别认真的争吵，可能还是在工作的时候，就是因为大家会在工作的时候意见上会有一些不一致。然后再一个是可能大家都比较急着有进度，所以互相都push的比较厉害，搞得大家其实心态都不太好，然后很容易就吵起来了。', '说到最近比较开心的事情，就是我平时不是在实习吗，白天都工作很累，然后最近晚上会和我的朋友，然后我的家里一些人晚上一起打打游戏，然后可能每天9点多开始，10点多开始，然后周末白天也能打一会，哎呀就觉得哎呀在种在这种沉重的工作压力的压迫之下，游戏显得格外好玩，然后每次玩的时候感觉特别好。', '我的家庭成员，我有一个爸一个妈，还有一个姐，我姐是我亲姐比我大12岁，然后我姐我现在就住在我姐夫家，因为最近以前搞的我爸妈正好给我姐过来带孩子，然后过年我们应该就在上海过了。我姐现在和我姐夫两个人有一个孩子叫九九，就是我外甥，特别可爱，虽然有时候特别调皮，让我想打他一顿，然后对就这样。']"
v_62,['好的，这是三个音频片段的转录：\n\n**Clip 1:**\n嗯，不经常失眠，很少有失眠的情况。\n\n**Clip 2:**\n嗯，是典型的家庭组成，爸爸、妈妈还有我，我是独生子女。\n\n**Clip 3:**\n嗯，是我的母亲，因为她一直都教会我 怎么判断现在什么事情对自己是最重要的，然后只在意最重要的这件事情。'],"['不经常失眠，很少有失眠的情况。', '是我的母亲，因为她一直都教会我怎么判断现在什么事情对自己是最重要的，然后只在意最重要的这件事情。', '是典型的家庭组成，爸爸妈妈，还有我，我是独生子女。']"
v_63,"['Okay, here are the transcriptions:\n\n*   **Clip 1:** 我不喜欢被监控，被逼迫做一些事情。\n*   **Clip 2:** 当一个算法工程师，写出很多厉害的软件。\n*   **Clip 3:** 昨天和弟弟吃火锅，很开心。']","['我不喜欢被监控被逼迫做一些事情。', '昨天和弟弟吃火锅很开心。', '当一个算法工程师写出很多厉害的软件。']"
v_64,"['Okay, here are the transcriptions of the three audio clips:\n\n*   **Clip 1:** 有時候會失眠，因為我室友打呼嚕，失眠的時候就很煩，想盡快睡著。\n*   **Clip 2:** 軟體工程是被調劑過來的。\n*   **Clip 3:** 呃，放假回家的這個過程就很開心。']","['有时候会失眠，因为我室友打呼噜，失眠的时候就很烦，想尽快睡着。', '放假回家的过程就很开心。', '软件工程是被调剂过来的。']"
v_65,['好的，这是对音频文件的文字转录：\n\n**Clip 1:**\n呃，目前来看，最后悔的事情的话，可能是就，就我个人而言的话，可能是在高中或者是初中的时候没有好好学习一些文科类的知识或者是语文吧。因为，呃，其实在日常生活中的话，我发现现在开始逐渐发现像包括历史啊，还有像金融类的一些知识，还有像语文，就是，语言的那种艺术吧，其实还是比较有需要的。呃，就，虽然说是后悔的事情，但我感觉你在现在平时生活也能继续去补充，所以也不算什么大事。\n\n**Clip 2:**\n我未来喜欢从事的工作的话，应该就是软件工程类的工作吧，然后至于算法还是工程类的话，可能还要看我未来发展怎么样。原因的话其实很简单，就是工科类的，特别是软件工程类的话，我们在平时做的工作就能实时的同步的展示出来。然后在这个过程中的话，我们也能看到一些反馈啊，还有包括，你达成一个目标之后会有一些成就感，这是我主要最喜欢这一个专业的和这一种工作的原因吧。\n\n**Clip 3:**\n放松的时候比较喜欢玩游戏，看书，看电视，剧和漫画吧。因为，呃，首先玩游戏的话，我是跟同学一起玩，所以在玩的过程中是比较开心的。然后看动画的话，其实也是就放松一下嘛，然后主要也会沉浸在一些其他的剧情里面。也是另外一种享受吧。还有看书的话，我比较喜欢看那种文科类的知识书来做宽一下视野，或者是看一些小说。呃，其实跟看动画也是差不多的效果。'],"['目前来看，最后悔的事情的话可能是就我个人而言的话，可能是在高中或者是初中的时候，没有好好学习一些文科类的知识或者是语文。因为其实在日常生活中的话，我发现现在开始逐渐发现像包括历史，还有像金融类的一些知识，还有像语文就是语言的那种艺术其实还是比较有需要的。就虽然说是后悔的事情，但我感觉你在现在平时的生活中也能继续去补充，所以也不算什么大事。', '放松的时候比较喜欢玩游戏、看书、看电视剧和漫画吧。因为首先玩游戏的话我是跟同学一起玩，所以在玩的过程中是比较开心的。然后看动画的话其实也是就放松一下，然后主要也会沉浸在一些其他的剧情里面，也是另外一种享受吧，还有看书的话，比较喜欢看那种文科类的知识书，来拓宽一下视野，或者是看一些小说，其实跟看动画也是差不多的效果。', '我未来希望从事的工作的话，应该就是软件工程类的工作。至于是算法。还是工程类的话，可能还要看我。未来发生。怎么样。原因的话其实很简单，就是供。工科类的包。特别是软件。工程类的话。我们在平时做的工作就能实时的同步的展示出来。然后在这个过程中。的话我们也能看到一些反馈。还有包括。你达成一个目标之后会有一些成就感，这是我主要最喜欢这一个专业的和这一种工作的原因。']"
v_66,"[""Okay, here's the transcription of the three audio clips:\n\n*   **Clip 1:** 当时深嘲应该是初中的时候吧, 就是上课的时候, 有的同学 说话影响到其他同学的学习了。\n\n*   **Clip 2:** 希望成为老师或者是研究员, 这样可以把自己学的东西分享给他人, 然后还可以看论文做研究。\n\n*   **Clip 3:** 上个星期,知道自己通过 博士生申请考核的消息。""]","['上次争吵应该是初中的时候，上课的时候有的同学说话影响到其他同学的学习了。', '上个星期知道自己通过博士申请考核的消息。', '希望成为老师或者是研究员，这样可以把自己学的东西分享给他人，然后还可以看论文做研究。']"
v_67,"['Okay, here are the transcriptions of the three audio clips:\n\n**Clip 1:**\n\n好像很久都沒有和別人爭吵過了,因為感覺我這個人不太喜歡和別人吵架,然後如果有什麼不滿意的地方,可能會比較,可能會直說吧,如果覺得對面,如果對面一直還是不同意我的說法,或者是做一些我不太喜歡的事,然後我可能會選擇退讓一下,或者再跟他理論一下,但是不是很喜歡和別人爭吵。\n\n**Clip 2:**\n\n嗯 如果是別人家的小孩比較可愛的,我還是很喜歡的,但是想一想,如果是自己的孩子就會覺得很麻煩,然後呃,也不能說不喜歡吧,反正就是有點糾結。\n\n**Clip 3:**\n\n嗯,上一次感到開心和激動是 前天我買的 呃,出一個模型到了,然後等了好久,然後終於到了,而且收到以後,發現質量也很好,也沒有出現有可能出現的一些瑕疵和bug,然後感覺非常的開心。']","['好像很久都没有和别人争吵过了，因为感觉我这个人不太喜欢和别人吵架，然后如果有什么不满意的地方，可能会比较可能会直说，如果觉得如果对面一直还是不同意我的说法，或者是做一些我不太喜欢的事，然后我可能会选择让一下，或者是再跟他理论一下，但是不是很喜欢和别人争吵。', '上一次感到开心和激动是前天我买的出一个模型到了，然后等了好久然后终于到了，而且收到了以后发现质量也很好，也没有出现有可能出现的一些瑕疵和bug，然后感觉非常的开心。', '如果是别人家的小孩比较可爱的，我还是很喜欢的，但是想一想，如果是自己的孩子就会觉得很麻烦，然后也不能说不喜欢，反正就是有点纠结。']"
v_69,"['Okay, here are the transcriptions of the three audio clips:\n\n*   **Clip 1:** 前几天把蓝牙耳机放进洗衣机里洗了。 (qián jǐ tiān bǎ lányá ěrjī fàng jìn xǐyījī lǐ xǐ le.) - A few days ago, I put my Bluetooth earphones in the washing machine and washed them.\n*   **Clip 2:** 我爸，我妈，还有我。 (wǒ bà, wǒ mā, hái yǒu wǒ.) - My dad, my mom, and me.\n*   **Clip 3:** 上上周说要放假的时候。 (shàng shàng zhōu shuō yào fàngjià de shíhou.) - When they said they were going to have a holiday the week before last.']","['前几天把蓝牙耳机放进洗衣机里洗了。', '上，上周，说要换个家的时候。', '我爸我妈还有我。']"
v_7,"['Okay, here are the transcriptions of the three audio clips:\n\n*   **Clip 1:** 嗯，很少失眠，因为我咳嗽比较多。\n*   **Clip 2:** 嗯，喜欢，因为他们非常的纯真天真。\n*   **Clip 3:** 寒假放学回家，嗯在爸妈在高铁站接我的时候。']","['很少失眠，因为我瞌睡比较多。', '寒假放学回家，在爸妈在高铁站接我的时候。', '喜欢，因为他们非常的纯真天真。']"
v_70,['好的，这是音频文件的转录文本：\n**Clip 1**\n上一次争吵，应该就是和家里人吧。就是可能和我父母吧，因为家里的一些琐碎的事情，然后可能也是因为，正是因为是家里的人，所以说观念在不同的时候就容易发生一些争执。但是事后也会觉得自己做的不是太好，好像每一次争吵都是这样子。\n\n**Clip 2**\n我未来的工作，当然读博士，我都，读博士的目的就是为了未来进入一个类似于高校的一种形式，一种工作吧。原因是因为，一方面是因为我小的时候受我班主任的影响，可能我就比较喜欢老师这个职业，所以说在我的潜意识里，这个当一名老师本身就是我一直所追求的一个理想的职业。另外一个的话，进入了这个石油行业嘛，所以说就这个行业来说的话，读博出来的出路可能来说的话，进入高校走一定的这种教学科研岗，是一个，我比较所认为的理想的一种，一种工作状态吧。\n\n**Clip 3**\n哈喽。 能听到吗？ 啊。 啊这里我最近的一次开心，我觉得应该是上一次和几个朋友一起去打羽毛球吧，可能。 就是学习当中的一丝的放松，然后和他们一起玩一玩，感觉还挺舒服的，很愉快的。'],"['上一次争吵应该就是和家里人可能和我父母因为家里的一些琐碎的事情，然后可能也是正是因为是家里的人，所以说观念在不同的时候就容易发生一些争执，但是事后也会觉得自己做的不是太好，好像每一次争吵都是这样子。', 'Hello。能听到吗？距离我最近的一次开心，我觉得应该是上一次和几个朋友一起去打羽毛球，可能学习当中有意思的放松，然后和他们一起玩一玩，感觉还挺舒服的很愉快的。', '我未来的工作，当然我读博士的目的就是为了未来进入一个类似于高校的一种形式，一种工作可能原因是因为一方面是因为我小时候受我班主任的影响，可能我就比较喜欢老师这个职业，所以说在我的潜意识里当一名老师本身就是我一直所追求的一个理想的职业。另外一个的话，进入了石油行业，所以说就这个行业来说的话，读博出来的出路可能来说的话进入高校，走一定的这种教学科研岗是一个我比较所认为的理想的一种工作状态。']"
v_71,"['Okay, here are the transcriptions of the three audio clips:\n\n**Clip 1:**\n\n""I think the most, um, happy thing, uh, was that I broken with my friend. Uh, yeah, that\'s it.""\n\n**Clip 2:**\n\n""I think the most impressive thing right is work on the beach when the sun set. It\'s going to be beautiful when the sun set. The sky become reddish and you can just watch the sea. Just watch the horizon, horizons. You will have a feeling of being relaxed. You will feel that the boy is so big and you are so small. So, um, so, what we experience, what you, what your trouble is just a piece of the world. It does not matter and makes you relaxed. So, you will get better to face the future.""\n\n**Clip 3:**\n\n""When I get relaxed, I like to play games, because a game is a real is a world that you can craft uh, what you want. You can do everything uh, without any pressure or without any responsibility. So, so, so, you just can, you can do the thing that you can not do the real world.""']","['Anything the most unhappy thing, I thought I broken with my friend. That’s it.', ""When I get relaxed, I'd like to play games because I came into the real world, world in the world that so you can craft about what you can do everything and without any pressure, some responsibility you just can I can do the thing with you. They're not in the real world."", ""I think the most impressive thing that is walk on the beach when it's sunset, it’s really beautiful sunset. the sky become reddish and you can just watch the sea, just watch the horizon horizons. You will how feeling of being relaxed, you will feel that the ball is so big and do I so small? Want to be experience. What's your trouble is just a piece of the world, but the matter and make you relax, you will get better too. Face the future.""]"
v_72,['好的，以下是音频文件的文字稿。\n\n**Clip 1:**\n呃，本来今年过年，我妈要过来陪我在上海一起过年，然后由于疫情，她那边现在过不来了，然后就要一个人过年，啊，就会感到不开心。\n\n**Clip 2:**\n啊，看综艺节目或者打扫卫生，呃，撸猫，或者做饭。\n\n**Clip 3:**\n元旦的时候和小伙伴一起在家吃火锅，打牌。'],"['本来今年过年，我妈要过来陪我在上海一起过年，然后由于疫情，他那边现在过不来了，然后就要一个人过年，就会感到不开心。', '元旦的时候和小伙伴一起在家吃火锅、打牌。', '好好看综艺节目或者打扫卫生，撸猫或者做饭。']"
v_73,"[""Okay, here's the transcription of the audio clips:\n\n*   **Clip 1:** 不失眠。 (bù shī mián) - Not insomnia.\n*   **Clip 2:** 喜欢小孩子。(xǐ huān xiǎo hái zi) - Like kids.\n*   **Clip 3:** 找到一份工资更高的工作。(zhǎo dào yī fèn gōng zī gèng gāo de gōng zuò) - Find a higher paying job.""]","['不失眠。', '找到一份工资更高的工作。', '喜欢小孩子。']"
v_74,['好的，这是三个音频片段的文字稿：\n\n**音频片段 1:**\n不太会失眠，可能偶尔有時候，因为实验效果不太好，或者是，因为对某件事情的担心，或者是想不清楚某些问题，脑袋里在反复思考着这些问题和可能的解决方案，可能会偶尔有失眠的症状。\n\n**音频片段 2:**\n嗯，我的专业是软件工程，因为在高中的时候开始接触计算机，然后觉得呃，未来从事这样的一份工作会非常的有趣，自己的爱好和特长可能都在这个地方，所以因此选择了这个专业。\n\n**音频片段 3:**\n他基本上开朗乐观，能给人带来乐趣。当生活中有开心的事情，他也乐于分享给大家，然后大家有不开心的事情也乐于找他倾诉，他能帮助我们解决很多没有想到的问题，给人带来新的思考方式。'],"['不太会失眠，可能偶尔有时候因为实验效果不太好，或者是因为对某件事情的担心，或者是想不清楚某些问题，脑海里在反复思考着这一些问题和可能的解决方案，可能会偶尔有失眠的症状。', '它基本上开朗乐观，能给人带来乐趣。当生活中有开心的事情，他也乐于分享给大家，然后大家有不开心的事情也乐于找他倾诉，他能帮助我们解决很多没有想到的问题，给人带来新的思考方式。', '我的专业是软件工程，因为在高中的时候开始接触计算机，然后觉得未来从事这样的一份工作会非常的有趣，自己的爱好和特长可能都在这个地方，所以因此选择了这个专业。']"
v_75,"['Okay, here are the transcriptions of the three audio clips:\n\n*   **Clip 1:** 啊,我从不失眠,我打头就睡。\n*   **Clip 2:** 我想从事一些关于内容创创作的工作,这样比较能体现自我价值。\n*   **Clip 3:** 嗯,公司年会抽奖中了奖。']","['我从不失眠，我倒头就睡。', '我们公司年会抽奖中了奖。', '我想从事一些关于内容创作的工作，这样比较能体现自我价值。']"
v_76,['好的，這是音檔逐字稿:\n\n*   **Clip 1**\n\n道也沒有經常失眠，失眠的話就是睡不著吧。\n就是無論如何也睡不著，就是失眠了。\n呃，我可能會去聽一些助眠的音樂。\n就是一些什麼大自然的聲音啊，什麼海浪聲啊，什麼下雨的聲音這種的。\n我經常在中午午睡的時候會聽這種聲音，因為辦公室有的時候會有一點不是那麼安靜，午睡的時候你如果就是不聽的話，很有可能被別人吵到，所以我會聽一些這些東西。\n\n*   **Clip 2**\n\n未來希望從事的工作可能是，呃，人文和這種理工科的思維都能夠比較應用的比較平衡的一個方面吧。\n就是覺得如果你能夠比較全面的怎麼說，欸因為從事計算機的工作時間長了之後，你會發現自己的思維會有點跑偏，因為你受到的很多訓練太過於固定化，很僵化，就缺少那種文科思維的一種靈活性和多變性。\n\n嗯，會讓你在處理很多事情的時候，可能會有點偏執。\n所以我還是希望能夠找一個更均衡的一個工作吧。\n\n*   **Clip 3**\n\n欸，可能是上次爬山的時候吧。\n就是走路看風景，有一點點累。\n然後爬了一整天的山，整個的過程當中還是挺開心的。'],"['倒也没有经常失眠，失眠的话就是睡不着。就是无论如何也睡不着，就是失眠了。我可能会去听一些助眠的音乐，就是一些什么大自然的声音，什么海浪声，什么下雨的声音这种的。我经常在中午午睡的时候会听这种声音，因为办公室有的时候会有一点不是那么安静。午睡的时候，你如果就是不听的话，很有可能被别人吵到，所以我会听一些这些东西。', '可能是上次爬山的时候，就是走路看风景有一点点累，然后爬了一整天的山，整个的过程当中还是挺开心的。', '未来希望从事的工作可能是。人文和。这种理工科的思维都能够比较应用的比较平衡的一个方面。就是觉得如果你能够比较全面的怎么说，因为从事计算机的工作时间长了之后，你会发现自己的思维会有点跑偏。因为你受到了很多训练，太过于固定化，很僵化，缺少那种文科思维的一种灵活性和多变性。会让你在处理很多事情的时候，可能会有点偏执，所以我还是希望能够找一个更均衡的一个工作。']"
v_77,['好的，这是音频文件的文字稿：\n\n**Clip 1:**\n不起床十年。\n\n**Clip 2:**\n嗯，是势力专业，因为他火。\n\n**Clip 3:**\n你啊，中午吃了饭。'],"['目前常失眠。（语音很不清楚）', '中午我吃了饭。', '信息类专业。因为他火。']"
v_79,['Here are the transcriptions of the three audio clips:\n*   **Clip 1:** 我之前上机的时候都处理不好自己的情绪，总是用发火或者自己说 大部分是用发火来解决。\n*   **Clip 2:** 我喜欢小孩子，因为我觉得他们非常可爱。\n*   **Clip 3:** 嗯。'],"['我之前生气的时候都处理不好自己的情绪，总是用发火，或者自己说大部分是用发火来解决。', '无', '我喜欢小孩子，因为我觉得他们非常可爱。']"
v_8,['好的，以下是音檔轉錄逐字稿：\n\n**片段 1**\n呃，我沒有經常失眠的這樣一個狀態。呃，我一般入睡還是比較快的，因為我在入睡之前會做一些讓自己比較放鬆的，讓自己去醞釀，醞釀一下睡意，所以說我不會有經常失眠的那個狀態。但是呃如果是失眠的話，我比較想要，想要讓自己快一點睡著。就想要自己睡著那種感覺比較強烈一點。\n\n**片段 2**\n對啊。 呃，在未來的話，我比較想要從事教師這一個行業，因為我個人的話比較喜歡一個比較呃，穩定的，比較呃呃，那個生活步調沒有那麼緊張的一個生活狀態，所以說呃教師這個職業其實是比較適合我的，再加上我比較人家是想要花更多時間陪伴我的家人。然後老師的話他其實是可以擁有較多的假期，然後我可以利用這個假期去陪伴我的家人。所以說我覺得教師這個職業對我來說呃，是比較嚮往的。\n\n**片段 3**\n我會玩手機。 要說為什麼嗎？ 呃，因為我處於很放鬆的狀態的話，其實我不是有很多的事情需要去忙，所以說就，就是在我放鬆的時候一般是我比較清閒的時候，我清閒的時候就想刷刷微博，看一下什麼東西。 嗯，大概就是這個原因。'],"['我没有经常失眠的这样一个状态，我一般入睡还是比较快的，因为我在入睡之前会做一些让自己比较放松的，让自己去酝酿酝酝酿一下睡意，所以说我不会有经常失眠的那个状态。但是如果是失眠的话，我比较想要自己想要让自己快一点睡着，所以我想要自己睡着那种感觉比较强烈一点。', '我会玩手机，说为什么？因为我处于很放松的状态的话，其实我不是有很多的事情需要去忙，所以说那就是在我放松的时候，一般是我比较清闲的时候，我清闲的时候就想说刷微博看一下东西，大概就是这个原因。', '在未来的话我比较想要从事教师这一个行业，因为我个人的话比较喜欢一个比较稳定的比较（那个）生活步调没有那么紧张的一个生活状态，所以说教师这个职业其实是比较适合我的，再加上我比较恋家是想要花更多时间陪伴我的家人，然后老师的话他其实是可以拥有较多的假期，然后我可以利用这个假期去陪伴我的家人。所以说我觉得教师这一个职业对我来说是比较向往的。']"
v_81,['好的，以下是音频文件的转录：\n\n*   **Clip 1:** “我上一次和别人争吵是大概一个月之前。因为我们对一个旅行的计划产生了分歧，所以我们争吵了。”\n*   **Clip 2:** “我喜欢小孩子，因为小孩子可以带给我很多的快乐，然后他们非常的可爱。”\n*   **Clip 3:** “呃，我大概前几天的时候感到非常高兴，因为我刚考完试，而且还考得不错。”'],"['我上一次和别人争吵是大概一个月之前，因为我们对一个旅行的计划产生了分歧，所以我们争吵了。', '我大概前几天的时候感到非常高兴，因为我刚考完试，而且还考得不错。', '我喜欢小孩子，因为小孩子可以带给我很多的快乐，然后他们非常的可爱。']"
v_82,['好的，这是转录：\n*   **Clip 1:** 目前来看没有什么后悔过的事情。\n*   **Clip 2:** 家庭成员总共有三位，我的，我的父亲，我的母亲，他们都非常好，对我非常好，不论在生活、学习、工作上都给予我很大的支持。\n*   **Clip 3:** 放松的时候喜欢听音乐、读书、休息、漫步、旅行，原因是：可以放松自己，不会思考其他任何问题。'],"['目前来看没有什么后悔过的事情。', '放松的时候喜欢听音乐、读书、休息、漫步、旅行，原因是可以放松自己，不会思考其他任何问题。', '家庭成员总共有三位，我的父亲、我的母亲他们都非常好，对我非常好，不论在生活学习工作上都给予我很大的支持。']"
v_83,"['Okay, here are the transcriptions of the three audio clips:\n\n**Clip 1:**\n嗯 有時候會失眠,然後失眠的時候就會呃比較比較焦慮,然後也比較煩躁,嗯。\n\n**Clip 2:**\n嗯 想做的是 就是 科研崗位, 然後跟計算機視覺 嗯,機器學習有關,因為覺得這方面 人工智能這方面很有意思,並且能夠 嗯很有發展空間。\n\n**Clip 3:**\n呃人們都很友好,環境也很好。 嗯,然後有很多可以發展的機會。']","['我有时候会失眠，然后失眠的时候就会比较焦虑，然后也比较烦躁。', '人们都很友好，环境也很好，然后有很多可以发展的机会。', '想做的是科研岗位，然后跟。计算机视觉，机器学习有关，因为觉得这方面。方面。人工智能这方面很有意思，并且能够很有发展空间。']"
v_84,['好的， 这是您音频文件的转录内容：\n\n**Clip 1:**\n是一门课，成绩出来了之后，我觉得很不开心，因为本来以为那门课的成绩是肯定没有问题的，没想到这学期那门课的成绩却是最差的。\n\n**Clip 2:**\n我学习的专业是软件工程，因为我不喜欢学习力学，不喜欢学习工程制图，不喜欢学习化学，所以我就选择了软件工程。因为它，这个专业不需要学习那些我很讨厌的课程。\n\n**Clip 3:**\n上次应该是1月20号吧，期末考试刚考完那天，因为压力特别大，考完之后就很放松，也很开心。'],"['是一门课成绩出了之后觉得很不开心，因为本来以为那门课的成绩是肯定没有问题的，没想到这学期那门课的成绩确实最差。', '上次应该是1月20号吧期末考试刚考完那天，因为压力特别大，考完之后就很放松，也很开心。', '我学习的专业是软件工程，因为我不喜欢学习的力学，不喜欢学习工程制图，不喜欢学习化学，所以我就选择软件工程。因为他这个专业不需要学习，那些我很讨厌的课程。']"
v_86,['呃，大概两三天前吧，就是， 是在焦虑毕业以后，呃，一个是，一个是博士毕业，再一个是博士毕业，该如何找工作的问题。\n大学的专业是城乡规划学，交通和基础设施方向。 选择这专业其实是比较偶然的，并没有特别，只是当时根据， 兴趣选了一个。\n我的爸爸妈妈，他们在，我遇到困难的过程当中会给予我最大的鼓励。让我不再消极和低沉，能从负面情绪的影响当中走出来，我觉得这是非常重要的。\n嗯，'],"['大概两三天前，是在焦虑毕业以后，一个是博士毕业，再一个是博士毕业，该如何找工作的问题。', '我的爸爸妈妈他们在我遇到困难的过程当中会给予我最大的鼓励，努力，让我不再消极和低沉，然后从负面情绪的影响当中走出来，我觉得这是非常重要的。', '大学的专业是城乡规划学交通和基础设施方向，选择这个专业其实是比较偶然的，并没有特别只是当时根据兴趣选了一个。']"
v_87,"['Okay, here are the transcriptions of the three audio clips:\n\n*   **Clip 1:** 在玩桌球的时候，他太菜了。 (Zài wán zhuōqiú de shíhòu, tā tài cài le.) ""When playing table tennis, he\'s too bad.""\n\n*   **Clip 2:** 游戏服务器开发，因为我觉得游戏行业比较热门。(Yóuxì fúwùqì kāifā, yīnwèi wǒ juéde yóuxì hángyè bǐjiào rèmén.) ""Game server development, because I think the game industry is relatively popular.""\n\n*   **Clip 3:** 他写代码很厉害。(Tā xiě dàimǎ hěn lìhai.) ""He\'s very good at writing code.""']","['在玩桌游的时候。然后他太菜了。', '他写代码很厉害。', '游戏服务器开发，因为我觉得游戏行业比较热门。']"
v_88,"['Okay, here are the transcriptions of the three audio clips:\n\n*   **Clip 1:** 最 后悔 的 应该 是 我 奶奶 没有 好好 的 去 多 和 他 交流 吧, 多 回家 去 看看 他.\n\n*   **Clip 2:** 习惯 小孩, 和 小孩 在一起 感觉 很 开心, 他们 很 可爱.\n\n*   **Clip 3:** 喜欢 家乡 的 食物。']","['最后悔的应该是我奶奶，没有好好的去多和她交流，多回家去看看她。', '喜欢家乡的食物。', '喜欢小孩，和小孩在一起感觉很开心，他们很可爱。']"
v_89,"['Okay, here are the transcriptions of the audio clips:\n\n*   **Clip 1:** 睡觉或者听歌吧。\n*   **Clip 2:** 学习的是软件工程, 之所以选的原因最开始是被调剂， 然后后来觉得还可以挺对味的, 就一直学下去了。\n*   **Clip 3:** 最近出去旅游了一趟吧，玩得还算挺开心的。']","['睡觉或者听歌。', '最近出去旅游了一趟，玩得还算挺开心的。', '学习的是软件工程，之所以选的原因最开始是被调剂，然后后来觉得还可以挺对味的，就一直学下去了。']"
v_9,['好的，这是音频文件的文字转录结果：\n\n**音频1**\n我上一次感到不开心，生气，懊恼，大概是去年11月初的时候，啊，当时我有一有头一次国际会议。那時候國際會議出了审稿结果，审稿的结果非常不好啊，有三个审稿人，一个质疑我的贡献不足，一个人认为我的方法提升的不多，另外一个人觉得，我做的东西他根本不理解。哎，真的是，最生气的是有其中一个审稿人，觉得我对文章的理解不对，但是那篇文章是我自己的文章啊，他竟然说我理解自己的文章不对，真是太奇怪了，弄得我十分的不开心。我的论文被拒了，影响我毕业，所以真的是非常非常的不开心，非常非常的懊恼，哎。\n\n**音频2**\n啊好，我就读的是统计大学，我的专业呢，是软件工程媒体艺术与科学专业。我06年入学的。当时软件工程媒体艺术与科学专业，是一个比较冷门的专业，他是软件学院下面的一个专业，他和软件工程这个专业呢，是并列的一个专业。当时知道的人不多，很多人呢是被媒体艺术这四个字吸引，以为是过来学画画的，还有一些人呢是喜欢软件工程，喜欢玩电脑，所以来读软件工程的。那我之所以会选择软件工程媒体艺术与科学这个专业呢，啊那是因为我考不去统计大学的建筑学，考不去统计大学的土木工程，考不去统计大学的汽车专业，哎，只能来读软件工程媒体艺术与科学了，我想另辟蹊径就显得霸气吧，应该能多学到一点东西。没错，确实学到了不少东西，有编程，有学画画，感觉还挺开心的，同时呢还认识了很多朋友和老师，觉得他们对我都很不错，我觉得还真的挺满意的。\n\n**音频3**\n我最好的朋友叫做约翰张，是我的老板，他经常有一些奇思妙想，各种各样的 idea，他都会和我讨论，让我去实现。 当我有问题的时候，我都会去找他，他都会很耐心的帮我解答。 有时候呢，我的论文写不好，他会认真帮我修改，一遍，两遍，三遍，甚至四遍。 修改好多次，他都没有什么怨言。 还有时候呢，我会晚上12点，1点，2点，3点，4点邮件找他。 他早上7点的时候都会准时的回答我邮件里的问题，令我十分感动，所以他是我的最好的朋友。'],"['我上一次感到不开心，生气。 懊恼。大概是去年11月初的时候，当时我有投一次国际会议，那时候国际会议出了审稿结果，啊，审稿的结果非常不好啊，有三个审稿人，一个质疑我的贡献不足，一个人认为我的方法提升了不多，另外一个人觉得我我做的东西他根本不理解，唉，真的是，最生气的是有其中一个审稿人，觉得我对文章的理解不对，但是那篇文章是我自己的文章啊，他既然说我理解自己的文章不对，真是太奇怪了，弄得我十分的不开心。我的论文被拒了，影响我毕业，所以真的是非常非常的不开心，非常非常的懊恼，唉。', '我最好的朋友叫做约翰张，他是我的老板，他经常有一些奇思妙想，有各种各样的idea，他都会和我讨论，让我去实现。当我有问题的时候我都会去找他，他都会很耐心的帮我解答。有时候我的论文写得不好，他会认真帮我修改一遍、两遍三遍，甚至4遍，修改好多次，他都没有什么怨言。还有时候我会晚上12点一点2点3点。4点。邮件找他，他早上7点的时候都会准时的回答我邮件里的问题，令我十分感动，所以他是我的最好的朋友。', '好，我就读的是同济大学。我的专业是软件工程媒体艺术与科学专业。我09年入学的，当时软件工程媒体艺术与科学专业是一个比较冷门的专业，它是软件学院下面的一个专业，它和软件工程这个专业是并列的一个专业，当时知道的人不多，很多人是被媒体艺术这4个字吸引，以为是过来学画画的。还有一些人是喜欢软件工程，喜欢玩电脑，所以来读软件工程的。那我之所以会选择软件工程媒体艺术与科学这个专业，那是因为我考不取同济大学的建筑学，考不取同济大学的土木工程，考不取同济大学的汽车专业，只能来读软件工程媒体艺术与科学了。我想名字长就显得霸气吧，应该能多学到一点东西。没错，确实学到了不少东西，有编程，有些画画，感觉还挺开心的。同时还认识了很多朋友和老师，感觉他们对我都挺不错，我觉得还真的挺满意的。']"
v_90,['好的，以下是您音訊檔案的逐字稿：\n\n**音訊片段 1：**\n\n當我生氣時，我會盡量從令我生氣的場景中抽離出來，我試著冷靜，然後再去回顧整個事件，來平息自己的情緒。\n\n**音訊片段 2：**\n\n正修軟體工程。因為軟體工程是近幾年比較大熱的專業，也是比較前沿的技術方向。\n\n**音訊片段 3：**\n\n喜歡看電影，因為看電影可以讓一個人安靜下來。'],"['当我生气时我会尽量从令我生气的场景中抽离出来，保持冷静，然后再去回顾整个事件，来平息自己的情绪。', '喜欢看电影，因为看电影可以让一个人安静下来。', '主修软件工程，因为软件工程是近几年比较大热的专业，也是比较前沿的技术方向。']"
v_94,['好的，这是音频文件的文字转录：\n* **Clip 1:** 该是哪种场合？尽量控制自己的情绪。\n* **Clip 2:** 我喜欢听话的孩子。但是对于那些看起来没有童真非常像大人小孩，我就不太喜欢。懂事听话的孩子，我非常喜欢。\n* **Clip 3:** 在我放松的时候，我喜欢去健身房锻炼身体，因为锻炼呢可以让我保持良好的身材，也能让我更加的放松自己。'],"['看是哪种场合尽量控制自己的情绪。', '在我放松的时候我喜欢去健身房锻炼身体，因为锻炼可以让我保持良好的身材，也能让我更加的放松自己。', '我喜欢听话的孩子，但是对于那些看起来没有童真，非常像大人的小孩，我就不太喜欢，懂事听话的孩子，我非常喜欢。']"
v_96,"['Okay, here are the transcriptions of the three clips:\n\n**Clip 1:**\n\n""My biggest regret is that I had wasted some time last year, and do do something is useful. Yeah. I wasted some time.""\n\n**Clip 2:**\n\n""Uh I want to be a software engineer in the future because I can, uh, I can do what I learned from the school and I can achieve something by myself.""\n\n**Clip 3:**\n\n""Uh, one month ago, I went to Disneyland for a day. It was a happy day.""']","[""My biggest regret is that I had wasted some time last year and to do something. It's useful. I wasted some time."", '1 month ago I went to Disney land for a day. It was a happy day.', 'I want to be a software engineer in the future because I can you can do what I learn from the school and I can change something by myself.']"
v_97,"['Okay, here are the transcriptions of the three audio clips you provided:\n\n**Clip 1:**\n\n一般在生气的时候，会自己一个人待在一个地方，去手机上找一些开心的事情来看，比如说看一些笑话，看一些小品之类的。 有的时候还会自己一个人在那里听歌，或者去外面散散步，然后过一段时间之后就不会太生气了。\n\n**Clip 2:**\n\n我一开始选择的专业是化学，因为当时高考之后觉得化学特别有意思，结果学了一年之后发现非常的枯燥，然后后面就转来软件，因为一开始想来软件的目的是因为觉得软件可以赚很多钱，比化学赚得多一点。\n\n**Clip 3:**\n\n学习凸优化的过程，本来以为工程数学会挂掉的，结果认真学习了一周之后去考试，最后没有挂掉。 考的分数还蛮好，觉得很开心。']","['一般在生气的时候会自己一个人呆在一个地方，去手机上找一些开心的事情来看，比如说看一些笑话，看一些小品之类的，有的时候还会自己一个人在那里听歌，或者去外面散散步，然后过一段时间之后就不会太生气了。', '学习优化的过程，本来以为工程数学会挂掉的，结果认真学习了一周之后去考试，最后没有挂掉，考的分数还蛮好，就很开心。', '我一开始选择的专业是化学，因为当时高考之后觉得化学特别有意思，结果学了一年之后发现非常的枯燥，然后后面就转来软件，因为最开始想来软件的目的是因为觉得软件可以赚很多钱，比化学赚的多一点。']"
v_98,"[""Okay, here's the transcription of each clip:\n\n**Clip 1:**\n就出去自然了。\n\n**Clip 2:**\n打游戏吧。\n\n**Clip 3:**\n嗯,不会特意做什么,主要就是看看书,或者是发发呆,看看视频什么的。 因为也不是特别知道想做什么,让自己放松下来,不去想一些东西放松下来。""]","['就顺其自然了。', '嗯，不会特意做什么，主要就是看看书或者是发发呆看看视频什么的。因为也不是特别知道想做什么，能自己放松下来，不去想一些东西就能放松起来。', '打游戏。']"
v_99,"['Okay, here are the transcriptions of each clip:\n\n*   **Clip 1:** ""不怎么失眠, 但是 如果失眠的话就是 可能会想很多东西, 但是没有特别的感觉。""\n\n*   **Clip 2:** ""希望做一个设计师, 因为从 就是从小的梦想。""\n\n*   **Clip 3:** ""就在刚才, 找到了一本 呃电子书, 是我特别想读的那本。""']","['不怎么失眠。但是如果失眠的话，就是可能会想很多东西，但是没有特别的感觉。', '就在刚才找到了一本电子书是我特别想读的那种。', '希望做一个设计师。因为从从小的梦想。']"
